year,month,day,pressure_e,temperature_e,wind_e,pressure_t,temperature_t,wind_t,morning_s,afternoon_s,morning_r,afternoon_r
1813,1,1,26.08,3.2,s,26.09,4,s,0,0,0,0
1813,1,2,26.11,3.2,s,26.11,3,s,0,0,0,0
1813,1,3,26.15,2.6,n,26.2,3.2,n,1,0,0,0
1813,1,4,26.22,2.8,n,26.21,3.8,n,0,0,0,0
1813,1,5,26.17,2.8,s,26.17,3,so,0,0,0,0
1813,1,6,26.19,1.2,n,26.16,3.2,s,0,0,0,0
1813,1,7,26.13,0.8,s,26.09,2,sw,0,0,0,0
1813,1,8,25.92,1.6,s,25.86,3.2,w,0,0,0,0
1813,1,9,25.85,3.6,no,25.85,3.8,no,0,1,1,0
1813,1,10,25.85,2.8,no,25.78,3,no,1,1,0,0
1813,1,11,25.74,1.8,o,25.74,2,n,1,0,0,0
1813,1,12,25.78,1.8,o,25.79,3.6,no,1,1,0,0
1813,1,13,25.8,0.8,o,25.85,1.8,no,0,0,0,0
1813,1,14,25.9,-1.1,o,25.91,1,o,0,0,0,0
1813,1,15,26.01,0,o,26.06,1.8,o,0,0,0,0
1813,1,16,26.1,0.4,o,26.11,0,o,0,0,0,0
1813,1,17,26.14,-1,o,26.13,0,o,0,0,0,0
1813,1,18,26.13,-1.8,o,26.11,-0.8,o,0,0,0,0
1813,1,19,26.2,-4,o,26.02,-1.8,o,0,0,0,0
1813,1,20,26.08,-1.8,o,26.09,-1.8,o,0,0,0,0
1813,1,21,26.08,-2.6,o,26.09,-2.4,o,0,0,0,0
1813,1,22,26.18,-3.6,o,26.16,-2.4,no,0,0,0,0
1813,1,23,26.1,-5,o,26.1,-2.6,o,0,0,0,0
1813,1,24,26.16,-4.8,o,26.17,-3.8,o,0,1,0,0
1813,1,25,26.16,-4,o,26.17,-3.8,o,1,1,0,0
1813,1,26,26.26,-4.6,o,26.26,-3.2,o,0,0,0,0
1813,1,27,26.26,-3.8,o,26.23,-2,o,0,0,0,0
1813,1,28,26.21,-2.6,o,26.2,-2,o,0,1,0,0
1813,1,29,26.09,-2,o,26.08,-0.8,o,1,1,0,0
1813,1,30,26.14,-0.2,o,26.21,-0.2,no,0,1,0,0
1813,1,31,26.2,-1.8,no,26.19,0,no,0,0,0,0
1813,2,1,26.15,0.6,sw,26.1,1.6,sw,1,1,0,0
1813,2,2,26.12,-0.8,o,26.13,-0.6,o,0,0,0,0
1813,2,3,26.19,-2,n,26.25,0,no,0,0,0,0
1813,2,4,26.3,0,nw,26.3,2,w,0,0,0,0
1813,2,5,26.28,1.4,n,26.19,3.8,no,0,0,0,0
1813,2,6,26.1,1.4,sw,26.08,3.8,s,0,0,0,0
1813,2,7,26.16,3,s,26.21,4,sw,0,1,0,0
1813,2,8,26.29,3.8,sw,26.28,5.8,sw,0,0,0,0
1813,2,9,26.2,5,sw,26.16,6,sw,0,0,0,0
1813,2,10,26.15,6,sw,26.13,7,sw,0,0,0,1
1813,2,11,26.17,6.4,s,26.15,6.8,s,0,0,1,0
1813,2,12,26.13,6.2,so,26.09,7.2,sw,0,0,0,0
1813,2,13,25.92,6.2,s,25.8,8,s,0,0,0,1
1813,2,14,26.01,7.2,s,25.92,8.6,s,0,0,0,0
1813,2,15,25.86,6.2,s,25.96,7.8,s,0,0,0,0
1813,2,16,25.91,7.2,sw,25.88,8,sw,0,0,0,0
1813,2,17,25.92,8,w,25.93,8,sw,0,0,1,0
1813,2,18,25.93,8.4,sw,26.03,9.6,w,0,0,1,1
1813,2,19,26.23,9.2,sw,26.22,10,o,0,0,1,0
1813,2,20,26.15,8,s,26.25,10,w,0,0,0,0
1813,2,21,26.3,8,sw,26.3,11.2,o,0,0,0,0
1813,2,22,26.23,8.6,so,26.17,11.4,so,0,0,0,0
1813,2,23,26.16,9.4,s,26.14,11,w,0,0,0,0
1813,2,24,26.21,10.4,sw,26.22,10,sw,0,0,1,1
1813,2,25,26.27,8.8,no,26.33,9.2,w,0,0,0,0
1813,2,26,26.36,7.8,sw,26.3,9,w,0,0,0,0
1813,2,27,26.15,7.4,sw,26.26,7.8,w,0,0,1,1
1813,2,28,26.27,7,w,26.25,8,w,1,1,0,0
1813,3,1,26.42,7,sw,26.46,6.8,w,0,0,0,0
1813,3,2,26.43,6,sw,26.4,7.2,w,0,0,0,0
1813,3,3,26.31,6.2,sw,26.24,6.4,w,0,0,0,0
1813,3,4,26.19,6.4,s,26.28,6.6,w,0,1,1,0
1813,3,5,26.37,5.8,no,26.35,8,o,0,0,0,0
1813,3,6,26.35,6.4,sw,26.32,7.2,sw,0,0,1,0
1813,3,7,26.37,8.4,w,26.37,8.2,w,0,0,0,0
1813,3,8,26.21,5.8,sw,26.14,6.4,nw,1,0,0,1
1813,3,9,2.608,6.4,w,26.04,6.6,w,1,1,0,0
1813,3,10,25.83,6.4,w,25.75,6,no,1,1,0,0
1813,3,11,25.78,5.4,n,25.86,6.4,no,0,0,0,0
1813,3,12,25.85,3.2,o,25.95,5.4,no,0,0,0,0
1813,3,13,26,3.2,no,26.05,3.8,o,0,1,0,0
1813,3,14,26.02,2.8,o,26.13,3,o,1,1,0,0
1813,3,15,26.13,2.2,o,26.12,3,no,0,0,0,0
1813,3,16,26.02,2,o,26.03,4.4,o,0,0,0,0
1813,3,17,25.89,3.4,o,25.89,4.6,so,0,0,0,0
1813,3,18,25.85,3.8,so,25.92,6.4,so,0,0,0,0
1813,3,19,25.95,5.2,s,25.97,7.6,s,0,0,0,0
1813,3,20,26.01,6.4,so,26.01,9.2,o,0,0,0,0
1813,3,21,26.1,7.6,s,26.14,8.2,s,0,0,0,0
1813,3,22,26.08,8,s,26.03,8.4,sw,0,0,1,1
1813,3,23,26.06,8.2,s,26.17,8.8,sw,0,0,1,1
1813,3,24,26.17,8.4,no,26.2,8,w,0,0,1,1
1813,3,25,26.24,7.6,w,26.25,8,o,1,0,0,0
1813,3,26,26.23,7,o,26.23,7.8,no,0,0,0,0
1813,3,27,26.34,7,w,26.4,9.4,no,0,0,0,0
1813,3,28,26.4,7.4,o,26.37,12,no,0,0,0,0
1813,3,29,26.34,7.4,o,26.28,10.2,no,0,0,0,0
1813,3,30,26.18,7.8,o,26.1,13,o,0,0,0,0
1813,3,31,26.05,8.8,w,26,13.6,sw,0,0,0,0
1813,4,1,25.97,11.2,s,25.82,14,w,0,0,0,0
1813,4,2,25.76,11,sw,25.68,12.8,so,0,0,0,0
1813,4,3,25.81,10,w,25.96,6.4,sw,1,1,0,0
1813,4,4,25.98,6.8,sw,26.03,11.4,sw,1,0,0,0
1813,4,5,26,8.4,so,26.16,11,sw,0,1,0,0
1813,4,6,26.15,6.2,so,26.14,9.6,o,0,0,0,0
1813,4,7,26.08,6.6,o,26.01,12,o,0,0,0,0
1813,4,8,26.01,8,s,26.03,12.2,o,0,0,0,0
1813,4,9,26.09,8.8,so,26.07,13.4,no,0,0,0,0
1813,4,10,26.06,10.2,so,26.08,13.6,no,0,0,0,0
1813,4,11,26.09,10.8,so,26.12,13.8,no,0,0,0,0
1813,4,12,26.14,11.6,so,26.18,14.6,o,0,0,0,0
1813,4,13,26.23,12,s,26.24,14.8,o,0,0,0,0
1813,4,14,26.27,11.4,o,26.23,13.6,s,0,0,0,0
1813,4,15,26.25,11.2,s,26.21,13.6,w,0,0,0,1
1813,4,16,26.19,11.6,sw,26.17,12.2,w,0,0,1,0
1813,4,17,26.12,10.2,s,26.03,13.2,w,0,0,0,0
1813,4,18,25.99,11.2,w,26.07,10.4,w,0,0,1,1
1813,4,19,26.11,9.2,s,26.12,9.6,w,0,0,0,1
1813,4,20,26.15,9.6,o,26.13,12.2,no,0,0,0,0
1813,4,21,26.09,9.6,s,25.95,13,sw,0,0,0,0
1813,4,22,25.93,8.2,o,25.93,8.8,o,1,1,0,0
1813,4,23,25.87,8,so,25.93,8.2,no,0,0,1,1
1813,4,24,25.95,7.2,o,25.97,9.6,no,0,0,0,0
1813,4,25,26.06,8.2,so,25.96,12,no,0,0,0,0
1813,4,26,25.97,11,sw,25.88,12.8,no,0,0,0,1
1813,4,27,25.68,11,s,25.72,12.2,w,0,0,0,1
1813,4,28,25.63,10.4,s,25.62,11.2,so,0,0,0,1
1813,4,29,25.6,9.4,s,25.65,11.6,w,0,0,0,1
1813,4,30,25.87,10.4,s,25.82,13.6,o,0,0,0,0
1813,5,1,25.82,11.6,sw,25.84,11.6,w,0,0,0,1
1813,5,2,25.87,11.2,sw,25.93,12,s,0,0,0,1
1813,5,3,25.93,11,s,25.94,13.6,no,0,0,0,0
1813,5,4,25.95,12,s,25.98,13.6,o,0,0,0,1
1813,5,5,26.06,12.2,s,26.1,14.2,o,0,0,1,0
1813,5,6,26.07,12,s,25.96,15.4,o,0,0,0,0
1813,5,7,25.95,13.4,sw,25.92,12.8,sw,0,0,1,1
1813,5,8,25.91,11.2,sw,25.83,13.8,o,0,0,1,0
1813,5,9,25.87,12.8,s,25.94,13.8,sw,0,0,1,1
1813,5,10,26.06,12,sw,26.11,14,w,0,0,1,1
1813,5,11,26.2,12.4,sw,26.19,14.4,w,0,0,0,0
1813,5,12,26.12,12.8,s,25.98,16,w,0,0,0,0
1813,5,13,26,15,sw,25.91,13.8,w,0,0,1,1
1813,5,14,25.91,13,s,25.86,13.6,w,0,0,1,1
1813,5,15,26,12.8,s,26.03,13.2,o,0,0,0,0
1813,5,16,26.1,12.2,sw,26.06,13.4,o,0,0,0,0
1813,5,17,26.07,12.6,w,26.17,12.6,w,0,0,1,1
1813,5,18,26.12,11.2,w,25.97,10.4,w,0,0,1,1
1813,5,19,26,10.2,w,26.1,10.4,w,0,0,1,1
1813,5,20,26.03,10.2,sw,25.94,11.2,sw,0,0,1,1
1813,5,21,25.93,11,sw,25.98,11.2,w,0,0,1,1
1813,5,22,25.99,10.6,w,25.99,11.2,s,0,0,0,1
1813,5,23,26.03,11,w,26,11.4,sw,0,0,1,1
1813,5,24,25.94,11,s,25.95,11.2,sw,0,0,1,1
1813,5,25,25.98,11.2,sw,26.06,11.4,no,0,0,1,0
1813,5,26,26,10.4,s,26.07,13,w,0,0,0,1
1813,5,27,26.19,12,sw,26.11,13,o,0,0,1,0
1813,5,28,26.21,11.4,so,26.12,14.6,no,0,0,0,0
1813,5,29,26.1,12.6,so,26.15,14.8,so,0,0,0,0
1813,5,30,26.22,14.4,s,26.19,16,o,0,0,0,1
1813,5,31,26.22,15.4,s,26.16,16.2,o,0,0,0,1
1813,6,1,26.16,15.4,s,26.07,16.8,no,0,0,0,1
1813,6,2,26.07,15.8,s,26.13,16,o,0,0,1,0
1813,6,3,26.17,15.2,s,26.18,15.2,sw,0,0,1,1
1813,6,4,26.16,14.4,w,26.09,13.4,w,0,0,1,1
1813,6,5,26,12.8,sw,25.77,11,w,0,0,1,1
1813,6,6,25.77,10.4,w,25.75,12.8,o,0,0,0,0
1813,6,7,25.77,10.4,o,25.84,12.2,no,0,0,1,0
1813,6,8,25.87,11.2,o,25.9,12.4,o,0,0,0,1
1813,6,9,25.9,11.2,s,25.74,14.4,sw,0,0,0,1
1813,6,10,25.85,12.8,sw,25.95,13.6,w,0,0,0,1
1813,6,11,26.07,12.6,sw,26.11,14.4,no,0,0,1,0
1813,6,12,26.11,12.8,o,26.14,15.2,sw,0,0,0,1
1813,6,13,26.17,15.2,s,25.21,14.4,o,0,0,0,1
1813,6,14,26.22,14.4,o,25.12,16,o,0,0,0,0
1813,6,15,26.05,14.4,w,25.98,14.4,w,0,0,1,1
1813,6,16,25.93,13.6,w,25.99,12.4,w,0,0,1,1
1813,6,17,26.04,12,n,26.09,11,w,0,0,1,1
1813,6,18,26.07,11.2,o,25.95,12.4,o,0,0,0,0
1813,6,19,25.92,11.6,o,25.88,11.2,o,0,0,1,1
1813,6,20,25.9,11.2,no,26.04,10.4,so,0,0,1,1
1813,6,21,26.08,10.6,o,26.14,10.2,o,0,0,1,1
1813,6,22,26.12,10.2,o,26.12,12.4,o,0,0,0,0
1813,6,23,26.12,11.2,no,26.14,11.4,no,0,0,1,0
1813,6,24,26.12,10.2,o,26.17,12.8,o,0,0,0,0
1813,6,25,26.2,11.2,o,26.2,12.8,no,0,0,0,0
1813,6,26,26.16,12,no,26.03,14.4,o,0,0,0,0
1813,6,27,26,13.6,o,26.05,14.8,o,0,0,0,0
1813,6,28,26.06,13.6,o,26.11,15,o,0,0,0,0
1813,6,29,26.1,14,o,26.12,14.4,so,0,0,0,1
1813,6,30,26.12,14.4,o,26.15,13.6,w,0,0,0,1
1813,7,1,26.16,13.6,w,26.11,14.4,w,0,0,0,0
1813,7,2,26.1,12.8,w,25.99,13.8,sw,0,0,0,1
1813,7,3,25.93,12.8,w,25.96,12,w,0,0,1,1
1813,7,4,26.02,12,w,26.16,10.4,w,0,0,1,1
1813,7,5,26.21,10.8,w,26.27,11.2,w,0,0,1,1
1813,7,6,26.25,10.8,o,26.18,12,o,0,0,1,0
1813,7,7,26.09,10.4,o,26.03,13.6,no,0,0,0,0
1813,7,8,26.03,12.4,s,25.95,16,s,0,0,0,0
1813,7,9,25.97,15.2,sw,25.97,15.2,w,0,0,0,1
1813,7,10,25.95,14,w,25.9,12,w,0,0,1,1
1813,7,11,25.82,11.2,sw,25.85,11.2,w,0,0,1,1
1813,7,12,25.84,10.4,w,25.93,12.4,w,0,0,1,0
1813,7,13,25.93,11.4,s,25.95,14.4,o,0,0,0,0
1813,7,14,25.94,14,o,25.88,16.8,o,0,0,0,0
1813,7,15,25.88,16,s,25.95,16,w,0,0,0,1
1813,7,16,26.02,15.2,s,26.07,14.4,o,0,0,1,0
1813,7,17,26,13.6,w,26.04,12.4,w,0,0,1,1
1813,7,18,26.04,12,w,26.03,11.6,w,0,0,1,1
1813,7,19,26.05,11.6,w,25.95,12.8,o,0,0,0,0
1813,7,20,25.8,12,o,25.58,14,o,0,0,0,0
1813,7,21,25.5,13.6,w,25.7,12.4,w,0,0,1,1
1813,7,22,25.89,12.8,w,25.93,14.4,w,0,0,0,1
1813,7,23,25.95,12.8,s,25.83,14.4,o,0,0,0,1
1813,7,24,25.83,13.6,w,26,12.8,w,0,0,1,1
1813,7,25,26.05,13,o,26.03,15.2,o,0,0,0,0
1813,7,26,26.03,14,o,26.07,16,w,0,0,1,1
1813,7,27,26.1,15,w,26.17,16,o,0,0,1,0
1813,7,28,26.23,15.6,o,26.31,16.8,o,0,0,0,0
1813,7,29,26.33,15.2,o,26.34,17.2,o,0,0,0,0
1813,7,30,26.28,15.2,o,26.19,16.8,o,0,0,0,0
1813,7,31,26.16,16,o,26.18,18.8,w,0,0,0,0
1813,8,1,26.19,16.4,o,26.17,18.8,w,0,0,1,1
1813,8,2,26.14,17.6,o,26.13,17.6,o,0,0,0,0
1813,8,3,26.12,16,o,26.13,17.8,o,0,0,0,1
1813,8,4,26.12,16.6,s,26.11,18.6,w,0,0,0,0
1813,8,5,26.09,16.8,o,25.99,19.2,o,0,0,0,1
1813,8,6,26.08,16.8,w,26.09,15.2,w,0,0,1,0
1813,8,7,26.11,14.6,w,26.14,14.4,w,0,0,1,1
1813,8,8,26.16,14,o,26.16,14.4,o,0,0,0,0
1813,8,9,26.11,13.6,o,26.05,13.4,w,0,0,0,1
1813,8,10,26.1,13.6,o,26.17,14.8,o,0,0,0,1
1813,8,11,26.18,13.6,o,26.16,16.4,o,0,0,0,0
1813,8,12,26.12,15,o,26.08,16.4,o,0,0,0,0
1813,8,13,26.14,15.2,o,26.16,16.6,w,0,0,0,1
1813,8,14,26.16,15.8,o,26.17,14.6,o,0,0,0,1
1813,8,15,26.1,14.4,w,26.06,14,w,0,0,0,1
1813,8,16,26.03,13.2,w,26.02,14.2,w,0,0,1,1
1813,8,17,26.08,16.2,w,26.12,14.4,o,0,0,0,0
1813,8,18,26.16,12.8,o,26.16,16,o,0,0,0,0
1813,8,19,26.19,15.2,w,26.18,18,w,0,0,0,0
1813,8,20,26.25,15.8,s,26.21,16,sw,0,0,0,1
1813,8,21,26.21,16,o,26.16,15.2,o,0,0,1,1
1813,8,22,26.13,14.2,o,26.02,15.2,o,0,0,0,1
1813,8,23,25.85,13.2,w,25.98,11.2,w,0,0,1,1
1813,8,24,26.16,11.2,w,26.3,11.4,sw,0,0,1,1
1813,8,25,26.3,10.2,o,26.25,11.2,o,0,0,1,0
1813,8,26,26.18,10.2,no,26.14,11.4,o,0,0,0,0
1813,8,27,26.11,11.2,no,26.11,11.8,n,0,0,0,0
1813,8,28,26.13,10.8,s,26.14,11.8,no,0,0,1,0
1813,8,29,26.13,11,no,26.17,10.8,o,0,0,1,1
1813,8,30,26.2,11.2,o,26.25,13,o,0,0,0,0
1813,8,31,26.28,11.4,o,26.27,13.2,o,0,0,0,0
1813,9,1,26.22,12.4,o,26.15,15.2,o,0,0,0,0
1813,9,2,26.2,14.2,s,26.18,14,sw,0,0,1,0
1813,9,3,26.16,13.4,s,26.13,14.4,sw,0,0,0,0
1813,9,4,26.13,12.8,o,26.13,16.2,o,0,0,0,0
1813,9,5,26.11,12.6,so,26.05,17,o,0,0,0,0
1813,9,6,25.91,15.2,sw,25.89,14.4,w,0,0,1,1
1813,9,7,25.94,13.8,sw,25.98,12,w,0,0,1,1
1813,9,8,25.95,11.2,sw,25.94,10.4,w,0,0,1,1
1813,9,9,25.96,10,sw,26.03,9.2,sw,1,1,1,0
1813,9,10,26.08,8.8,sw,26.19,8.8,o,0,0,1,1
1813,9,11,26.22,9.2,o,26.3,10.8,o,0,0,0,0
1813,9,12,26.24,10,o,26.2,12.6,o,0,0,0,0
1813,9,13,26.14,11.2,w,26.21,13,w,0,0,0,0
1813,9,14,26.24,11.8,w,26.26,13.4,w,0,0,0,0
1813,9,15,26.31,12,o,26.33,15,o,0,0,0,0
1813,9,16,26.35,12.2,o,26.36,144,o,0,0,0,0
1813,9,17,26.32,12.6,o,26.32,14.8,o,0,0,0,0
1813,9,18,26.27,12.8,no,26.2,13.8,o,0,0,0,0
1813,9,19,26.14,12.8,o,26.2,12.8,o,0,0,0,0
1813,9,20,26.05,11.2,no,26.05,14.4,no,0,0,0,0
1813,9,21,26.04,11.8,o,26.01,13.2,o,0,0,0,1
1813,9,22,25.99,12.6,o,25.95,13.4,o,0,0,0,0
1813,9,23,25.85,12.6,s,25.95,12.8,sw,0,0,0,0
1813,9,24,26.05,12.2,o,26.17,13.8,no,0,0,0,0
1813,9,25,26.18,12.8,o,26.14,12.4,o,0,0,0,0
1813,9,26,26.08,12,o,26.15,11.4,o,0,0,1,0
1813,9,27,26.13,11.6,w,26.13,12,w,0,0,0,0
1813,9,28,26.12,11.6,w,26.1,11.2,sw,0,0,1,1
1813,9,29,26.11,11.2,s,26.13,12,sw,0,0,0,0
1813,9,30,26.18,11.2,n,26.14,11.6,no,0,0,0,0
1813,10,1,26.05,10.6,w,26,10.4,w,0,0,0,1
1813,10,2,25.93,16.6,sw,25.96,12,sw,0,0,1,1
1813,10,3,25.91,11.2,w,25.96,11.6,w,0,0,1,1
1813,10,4,26.07,11.6,sw,26.1,13,s,0,0,0,0
1813,10,5,26.07,12.8,sw,26.1,13.6,s,0,0,1,1
1813,10,6,26.13,12.6,o,26.1,15.8,o,0,0,0,0
1813,10,7,26.06,13.6,o,26.05,14.6,w,0,0,0,1
1813,10,8,26.11,14,w,26.13,12.8,w,0,0,1,1
1813,10,9,25.95,12.2,w,25.86,12.8,w,0,0,1,1
1813,10,10,25.52,12,w,25.9,13.4,w,0,0,1,1
1813,10,11,25.83,11.2,s,25.85,11.2,sw,0,0,1,1
1813,10,12,26.03,10.6,sw,26.26,11.8,w,0,0,1,0
1813,10,13,26.13,9.8,s,26.02,11.4,s,0,0,0,0
1813,10,14,25.93,11.8,sw,25.85,10.6,w,0,0,1,1
1813,10,15,26.01,9.2,no,25.84,10.4,o,0,0,0,0
1813,10,16,25.74,8.8,w,25.79,8.4,sw,0,0,1,0
1813,10,17,25.59,8.4,sw,25.52,11.4,s,0,0,0,1
1813,10,18,25.74,10,w,25.88,10.8,w,0,0,0,0
1813,10,19,25.92,9.8,s,25.98,10,s,0,0,1,0
1813,10,20,26,8.2,s,25.94,9.8,s,0,0,0,0
1813,10,21,25.91,10,s,26,10.2,s,0,0,1,0
1813,10,22,26.01,9.2,s,25.99,13,s,0,0,0,0
1813,10,23,26.11,12,so,26.1,13.6,o,0,0,0,0
1813,10,24,26.05,11.8,s,25.9,13.4,s,0,0,0,0
1813,10,25,25.08,11.8,w,25.74,10.6,o,0,1,1,1
1813,10,26,25.76,8.2,no,25.78,10.8,no,1,1,0,0
1813,10,27,25.92,8,so,25.94,7.87,so,0,0,0,0
1813,10,28,25.84,8,w,25.79,8.2,nw,1,0,0,0
1813,10,29,25.76,8.2,no,25.81,8.2,no,1,1,0,0
1813,10,30,25.85,7.8,o,25.84,8.4,so,1,0,0,0
1813,10,31,25.81,8.4,s,25.76,9,s,0,0,0,0
1813,11,1,25.65,8.2,w,25.69,8.6,w,0,0,0,0
1813,11,2,25.82,8.4,w,25.88,9,no,0,0,0,1
1813,11,3,25.81,8.6,s,25.92,9.2,s,1,0,0,0
1813,11,4,26.21,8,w,26.31,9.2,no,1,1,0,0
1813,11,5,26.3,8.2,o,26.18,9.4,o,0,0,0,0
1813,11,6,26,8,o,26,9.2,w,0,0,0,0
1813,11,7,26.02,8,sw,26.09,9.8,s,0,1,0,0
1813,11,8,26.14,8.6,sw,26.1,9.8,sw,0,0,1,1
1813,11,9,26.13,8.4,s,26.11,11.4,s,0,0,0,0
1813,11,10,26.19,8.2,sw,26.18,11,s,0,0,0,0
1813,11,11,26.18,10,s,26.12,12.2,s,0,0,0,1
1813,11,12,26.29,8.2,s,26.15,10.4,s,0,0,0,0
1813,11,13,25.87,8.6,so,25.62,8.6,so,0,0,0,1
1813,11,14,25.7,8,w,25.8,8,w,1,1,0,0
1813,11,15,25.78,7.2,so,25.65,8.2,so,0,0,0,0
1813,11,16,25.64,7,w,25.75,8.4,w,1,1,0,0
1813,11,17,25.56,7.6,w,25.45,8,w,1,1,1,0
1813,11,18,25.78,6.4,w,25.9,7.6,w,0,0,0,0
1813,11,19,25.94,6.4,w,26.02,7.8,w,1,1,0,0
1813,11,20,26.05,6.4,w,26.15,7.8,w,0,0,1,1
1813,11,21,26.14,6.6,so,26.11,7.6,so,0,0,0,0
1813,11,22,26.09,6.6,s,26.1,8,s,0,0,0,0
1813,11,23,26.1,6.2,w,26.1,8,w,0,0,0,0
1813,11,24,26.09,6.4,sw,26.1,8.2,sw,0,0,0,0
1813,11,25,26.11,6.6,o,26.09,8,o,0,0,0,0
1813,11,26,26.07,6,w,26.05,8.7,o,0,0,0,0
1813,11,27,26,6.2,o,25.97,7.6,o,0,0,0,0
1813,11,28,25.85,6.4,o,25.85,7.6,o,0,0,0,0
1813,11,29,25.86,6.6,no,25.89,5.2,n,0,0,0,0
1813,11,30,25.96,5.4,n,25.9,6,n,1,0,0,0
1813,12,1,25.78,3,no,25.76,4,no,0,0,0,0
1813,12,2,25.79,3.2,no,25.7,4.2,no,0,0,0,0
1813,12,3,25.52,3,w,25.48,4.6,w,0,0,0,0
1813,12,4,25.58,2.8,w,25.6,4.4,w,0,0,0,0
1813,12,5,25.8,2.8,w,25.77,6.8,w,0,0,0,0
1813,12,6,25.83,3.4,sw,25.85,7,s,0,0,0,0
1813,12,7,25.88,7,s,25.87,8.4,so,0,0,0,0
1813,12,8,26.04,7.2,s,26.1,8,sw,0,0,0,0
1813,12,9,25.95,6,o,25.8,6.2,o,0,0,0,0
1813,12,10,25.74,5.6,so,25.8,6,o,0,1,0,0
1813,12,11,26.1,5.4,o,26.1,6,no,0,0,0,0
1813,12,12,25.15,5,no,26.15,6.2,no,0,0,0,0
1813,12,13,26.02,4.8,s,26.01,5.8,s,0,0,0,0
1813,12,14,25.96,6,o,25.94,6.2,o,0,0,0,0
1813,12,15,25.9,5.6,o,25.91,6,o,0,0,0,0
1813,12,16,25.85,5.8,o,25.84,5.6,o,0,0,0,0
1813,12,17,25.86,5.4,o,25.81,5.6,o,0,0,0,0
1813,12,18,25.74,5.2,s,25.78,6,s,0,0,0,0
1813,12,19,25.73,5.4,s,25.55,9.4,s,0,0,0,0
1813,12,20,25.65,9,sw,25.72,9.8,sw,0,0,0,1
1813,12,21,25.85,8,w,25.92,9.6,w,1,0,0,0
1813,12,22,25.91,5.2,sw,25.85,9,sw,0,0,0,1
1813,12,23,25.7,5.4,w,25.91,9.2,w,1,1,0,0
1813,12,24,26.15,5.6,o,26.19,8.8,o,0,0,0,0
1813,12,25,26.21,5,o,26.22,8.8,o,0,0,0,0
1813,12,26,26.24,4.2,o,26.26,9,o,0,0,0,0
1813,12,27,26.43,5,o,26.45,8.2,o,0,0,0,0
1813,12,28,26.39,4.6,o,26.37,8,so,0,0,0,0
1813,12,29,26.35,3.6,o,26.35,7.2,o,0,0,0,0
1813,12,30,26.34,3.6,o,26.33,7,o,0,0,0,0
1813,12,31,26.28,3,o,26.36,6.8,o,0,0,0,0
1814,1,1,26.22,2.2,o,26.21,5,o,0,0,0,0
1814,1,2,26.14,3,so,26.03,4.4,o,0,0,0,0
1814,1,3,25.94,4.2,sw,25.85,5.2,s,0,0,0,0
1814,1,4,25.71,5.8,s,25.61,5.6,sw,0,0,1,0
1814,1,5,25.52,6,s,25.44,6,s,0,0,0,0
1814,1,6,25.3,6.2,s,25.57,7,sw,0,0,0,0
1814,1,7,25.65,5.6,sw,25.71,4.8,sw,0,0,0,0
1814,1,8,25.53,5.4,sw,25.53,5.4,nw,0,1,0,0
1814,1,9,25.47,5.4,w,25.49,4,w,0,1,0,0
1814,1,10,25.66,4.6,w,25.8,4,w,1,1,0,0
1814,1,11,25.95,3,w,26.02,3.2,nw,0,0,0,0
1814,1,12,25.84,1.6,o,25.65,1.4,w,1,1,0,0
1814,1,13,25.7,2.6,w,25.87,3.4,w,0,1,1,0
1814,1,14,26.04,2.6,o,25.94,2,o,0,0,0,0
1814,1,15,25.8,2.2,o,25.76,2.4,o,1,0,0,0
1814,1,16,25.61,2.8,sw,25.5,4.2,w,0,0,0,0
1814,1,17,25.52,3.8,w,25.75,4.2,w,1,1,0,0
1814,1,18,25.65,4.2,w,25.52,5,w,0,0,1,1
1814,1,19,25.48,5.2,w,25.5,5.2,w,0,0,1,1
1814,1,20,25.51,5.4,w,25.64,5.8,s,0,0,1,0
1814,1,21,25.69,5.4,s,25.81,5.4,w,0,1,0,0
1814,1,22,25.82,4,no,25.7,5.2,no,1,0,0,0
1814,1,23,25.49,3.4,o,25.52,4.4,o,1,1,0,0
1814,1,24,25.54,3.2,no,25.55,2.4,no,1,1,0,0
1814,1,25,25.67,0.6,w,25.74,1.6,w,0,1,0,0
1814,1,26,25.83,0.4,sw,25.81,0.8,sw,0,0,0,0
1814,1,27,25.64,0,sw,25.54,1.2,sw,0,0,0,0
1814,1,28,25.52,0,s,25.55,2,so,0,0,0,0
1814,1,29,25.52,1.8,so,25.37,3.2,so,0,0,0,0
1814,1,30,25.4,3.2,sw,25.46,4.4,sw,0,0,0,0
1814,1,31,25.55,4,w,25.65,4.4,w,1,1,0,0
1814,2,1,25.78,7.4,w,25.88,4.4,w,0,1,0,0
1814,2,2,26.03,4,w,25.98,4.2,w,1,1,0,0
1814,2,3,25.88,3.4,w,25.9,4,w,1,1,0,0
1814,2,4,25.9,2,w,25.95,3.2,nw,1,1,0,0
1814,2,5,26.15,2,o,26.18,2.4,no,1,0,0,0
1814,2,6,26.14,1.8,sw,25.93,2.8,sw,0,0,0,1
1814,2,7,25.83,3.2,w,25.8,3.6,w,1,1,0,0
1814,2,8,25.98,4,sw,25.8,4,sw,1,1,0,0
1814,2,9,25.86,4.8,sw,25.97,5,sw,0,0,1,0
1814,2,10,26.15,5.4,w,26.22,6.2,w,0,0,0,0
1814,2,11,26.27,5.2,s,26.25,6.2,s,0,0,0,0
1814,2,12,26.22,6.6,s,26.2,7,s,0,0,0,0
1814,2,13,26.1,6.8,o,26.05,6.4,o,0,0,0,0
1814,2,14,26.12,6.4,o,26.08,5,o,0,0,0,0
1814,2,15,26.08,4,o,26.02,4.6,o,0,0,0,0
1814,2,16,25.93,3.2,so,25.98,3.6,o,0,0,0,0
1814,2,17,26.07,2,o,26.15,3,o,0,0,0,0
1814,2,18,26.18,1.8,o,26.17,2.6,o,1,0,0,0
1814,2,19,26.09,1.8,no,26.06,2.4,no,0,0,0,0
1814,2,20,26.12,2.2,no,26.17,2.8,o,1,0,0,0
1814,2,21,26.16,1.8,no,26.16,3,no,1,0,0,0
1814,2,22,26.11,0.4,n,26.1,0.4,n,0,0,0,0
1814,2,23,26.07,-1,no,26.05,0,n,1,0,0,0
1814,2,24,26.03,-4,no,26.06,0.6,no,0,0,0,0
1814,2,25,26.1,-1.8,o,26.1,1,o,0,0,0,0
1814,2,26,26.02,-1,o,25.94,1.4,o,0,0,0,0
1814,2,27,25.99,0,o,26,2.8,o,0,0,0,0
1814,2,28,25.98,1.2,o,25.89,3.8,w,0,0,0,0
1814,3,1,25.72,3,w,25.37,4.2,sw,0,0,0,0
1814,3,2,25.4,4,w,25.43,4.4,sw,1,1,0,0
1814,3,3,25.21,4.4,s,25.08,6.2,s,0,0,0,0
1814,3,4,25.12,5,w,25.23,5,w,1,1,0,0
1814,3,5,25.45,4.8,w,25.59,5.2,w,1,1,0,0
1814,3,6,25.63,5,o,25.63,5.4,o,0,0,0,0
1814,3,7,25.63,4.4,no,25.62,4,no,1,1,0,0
1814,3,8,25.63,3.4,o,25.64,3.8,o,0,0,0,0
1814,3,9,25.61,3.2,o,25.6,4,w,0,1,0,0
1814,3,10,25.58,3.2,o,25.57,5,w,0,0,0,0
1814,3,11,25.59,2.8,w,25.64,4,w,0,0,0,0
1814,3,12,25.76,2.8,w,25.85,5.8,w,0,0,0,0
1814,3,13,25.83,4,w,25.84,5,o,0,0,0,0
1814,3,14,25.84,4.8,o,25.87,5.6,o,0,0,0,1
1814,3,15,25.95,4.8,no,25.98,5.6,n,0,0,1,0
1814,3,16,26.08,4.8,o,26.09,5.8,o,0,0,0,0
1814,3,17,26.23,5.2,o,26.23,5.6,o,0,0,0,0
1814,3,18,26.18,4,o,26.12,5.2,o,0,0,0,0
1814,3,19,26.04,4.8,so,25.99,7,so,0,0,0,0
1814,3,20,26,5.8,s,26,8,o,0,0,0,0
1814,3,21,26.01,6.8,s,25.94,9.6,s,0,0,0,0
1814,3,22,25.85,8,so,25.8,8.6,so,0,0,0,0
1814,3,23,25.85,8,sw,25.96,9.6,w,0,0,0,0
1814,3,24,26.02,8.4,o,25.98,9.6,o,0,0,0,0
1814,3,25,25.95,8,o,25.93,9.4,w,0,0,0,1
1814,3,26,25.89,8,o,25.83,8.8,no,0,0,0,0
1814,3,27,25.98,7.6,o,26,8.4,w,0,0,0,1
1814,3,28,26.03,7.8,o,26,10.2,o,0,0,0,0
1814,3,29,25.9,7.6,o,25.83,10.2,no,0,0,0,0
1814,3,30,25.87,8,o,26.02,10.4,o,0,0,0,0
1814,3,31,26.13,8.4,s,26.16,11.4,o,0,0,0,0
1814,4,1,26.07,8.6,s,25.96,11.2,so,0,0,0,0
1814,4,2,25.91,10.2,so,25.85,12.6,w,0,0,0,0
1814,4,3,25.84,10.8,s,25.82,12.8,so,0,0,0,0
1814,4,4,25.72,11.2,sw,25.7,12,s,0,0,0,0
1814,4,5,25.84,10.6,sw,25.87,10.8,sw,0,0,0,0
1814,4,6,25.98,10.6,no,26.08,12.8,no,0,0,0,0
1814,4,7,26.11,10.8,o,26.1,11.2,o,0,0,0,1
1814,4,8,26.1,10.2,o,26.09,8,o,0,0,0,1
1814,4,9,26.13,8,o,26.15,10,o,0,0,0,0
1814,4,10,26.14,8.2,o,26.11,12,o,0,0,0,0
1814,4,11,26.1,7.6,o,26.11,12.4,o,0,0,0,0
1814,4,12,26.1,10.2,s,26.09,14.2,so,0,0,0,0
1814,4,13,26.06,11.4,s,26.01,15.2,o,0,0,0,0
1814,4,14,25.98,12,sw,25.95,14.8,no,0,0,0,0
1814,4,15,25.97,11.2,so,25.93,15.2,no,0,0,0,0
1814,4,16,25.95,13,s,25.96,14.8,o,0,0,0,0
1814,4,17,25.85,12.8,sw,26,15.2,w,0,0,0,0
1814,4,18,25.98,12.4,s,25.91,16,s,0,0,0,0
1814,4,19,25.89,14.4,s,25.91,13.6,s,0,0,0,0
1814,4,20,25.84,15,s,25.82,10.4,s,0,0,0,0
1814,4,21,25.91,14.4,w,25.97,10.2,w,0,0,1,1
1814,4,22,26,12,sw,26.04,7.2,sw,0,0,1,1
1814,4,23,26.11,9.2,w,26.13,9.4,no,0,0,1,0
1814,4,24,26.12,8.6,so,26.04,10.2,o,0,0,0,0
1814,4,25,25.98,8.2,w,26.01,7.2,w,1,1,0,0
1814,4,26,25.98,6.8,w,25.97,9.4,no,0,0,0,1
1814,4,27,25.98,7,sw,26.08,8,sw,0,1,1,0
1814,4,28,26.1,7,w,26.16,6.4,o,1,1,0,0
1814,4,29,26.16,5.2,o,26.13,6.8,o,1,0,0,0
1814,4,30,26.12,5.2,o,26.18,6.8,o,0,0,0,0
1814,5,1,26.18,5.2,o,26.26,11.2,o,0,0,0,0
1814,5,2,26.25,8,o,26.19,10.8,o,0,0,0,0
1814,5,3,26.1,8,so,25.95,11.2,o,0,0,0,0
1814,5,4,25.91,10.6,so,25.82,12.8,w,0,0,0,0
1814,5,5,25.76,12,o,25.64,14,so,0,0,0,0
1814,5,6,25.73,12,s,25.76,14.8,sw,0,0,0,0
1814,5,7,25.96,12.4,sw,26.07,12,w,0,0,1,1
1814,5,8,26.15,12,w,26.12,13.6,nw,0,0,1,1
1814,5,9,26.11,11.4,sw,26.09,12.6,n,0,0,0,0
1814,5,10,26.15,11.2,n,26.2,10.2,n,0,1,0,0
1814,5,11,26.25,9.4,no,26.28,9.6,no,0,0,0,0
1814,5,12,26.21,7.4,no,26.15,9.2,no,0,0,0,0
1814,5,13,26.04,7,o,25.92,10,o,0,0,0,0
1814,5,14,25.88,8.2,o,25.86,11.2,o,0,0,0,0
1814,5,15,25.86,9.6,o,25.88,12.4,o,0,0,0,0
1814,5,16,25.92,10,sw,25.98,10.4,no,0,0,0,1
1814,5,17,26.04,8.8,o,26.06,9.4,o,0,0,1,1
1814,5,18,26.03,8.8,no,26.01,10.4,no,0,0,0,1
1814,5,19,26.01,9.6,o,26.03,11.4,o,0,0,0,0
1814,5,20,26.03,10.4,w,26.01,11.8,w,0,0,1,1
1814,5,21,26,10.2,s,25.84,12.4,no,0,0,0,0
1814,5,22,25.78,10.8,o,25.6,12.8,w,0,0,0,0
1814,5,23,25.63,11.8,o,25.71,12,w,0,0,0,1
1814,5,24,25.83,10.2,w,25.9,10.4,w,1,0,1,0
1814,5,25,25.93,8.6,w,25.9,10.2,w,0,0,0,0
1814,5,26,25.98,8.6,w,26.04,10,w,0,0,0,1
1814,5,27,26.03,8.2,o,25.88,12.4,o,0,0,0,0
1814,5,28,25.86,10.6,s,25.77,13.6,o,0,0,0,0
1814,5,29,25.8,12,sw,25.82,12.8,w,0,0,0,0
1814,5,30,25.92,12.6,no,26.14,12,w,0,0,1,0
1814,5,31,26.13,11,no,26.07,14.2,o,0,0,0,0
1814,6,1,26.07,12,n,26.08,13.6,no,0,0,0,1
1814,6,2,26.09,12.8,w,26.07,13.2,w,0,0,1,1
1814,6,3,26.07,13,o,25.98,15.2,w,0,0,0,1
1814,6,4,25.97,14.4,w,25.96,12.4,w,0,0,1,1
1814,6,5,26.03,12.4,w,26.11,12.4,w,0,0,1,1
1814,6,6,26.15,12.6,w,26.1,13.8,n,0,0,0,0
1814,6,7,26.06,12.8,o,25.93,12.8,w,0,0,0,1
1814,6,8,25.87,12,o,25.86,12.4,no,0,0,1,1
1814,6,9,25.9,11.6,w,26.03,12,no,0,0,1,1
1814,6,10,26.09,11.6,o,26.13,13.6,o,0,0,1,0
1814,6,11,26.1,12.4,o,26.1,14.4,no,0,0,0,0
1814,6,12,26.08,12.8,no,26.13,15.6,no,0,0,0,0
1814,6,13,26.16,14.4,sw,26.23,16.8,w,0,0,0,1
1814,6,14,26.25,15.2,sw,26.25,17.6,no,0,0,0,0
1814,6,15,26.19,14.4,no,26.13,18.4,no,0,0,0,0
1814,6,16,26.17,16.4,w,26.16,16.8,w,0,0,1,1
1814,6,17,26.16,14.4,w,26.18,14,o,0,0,0,1
1814,6,18,26.18,13.6,sw,26.1,12.8,sw,0,0,1,1
1814,6,19,26.18,12,w,26.05,12.8,w,0,0,1,1
1814,6,20,25.85,12.6,w,25.91,11.2,w,0,0,1,1
1814,6,21,25.85,11,w,25.9,10.2,w,0,0,1,1
1814,6,22,25.95,9.6,sw,25.99,11.2,w,0,0,1,1
1814,6,23,26.03,10.2,s,26.06,11.2,o,0,0,1,1
1814,6,24,26.07,10.3,sw,26.12,10.4,sw,0,0,1,1
1814,6,25,26.16,9.6,w,26.21,10,so,0,0,1,1
1814,6,26,26.19,9.6,n,26.13,11.4,n,0,0,1,1
1814,6,27,26.13,11.2,w,26.05,11.2,n,0,0,1,1
1814,6,28,25.98,10.8,o,25.95,11.2,w,0,0,1,1
1814,6,29,25.95,10.4,w,26.01,11.4,w,0,0,1,0
1814,6,30,26.03,11.4,o,26.02,13.6,w,0,0,0,0
1814,7,1,26.01,12.8,o,25.97,14,w,0,0,0,1
1814,7,2,25.97,13.4,s,26.05,13.6,o,0,0,1,1
1814,7,3,26.07,14,o,26.09,14.4,o,0,0,0,0
1814,7,4,26.14,13.2,o,26.13,15.4,o,0,0,0,0
1814,7,5,26.15,14.4,o,26.18,14.6,o,0,0,0,0
1814,7,6,26.19,14,o,26.21,16.8,o,0,0,0,0
1814,7,7,26.21,14.6,o,26.19,17.8,w,0,0,0,1
1814,7,8,26.22,16,o,26.15,17.6,s,0,0,0,1
1814,7,9,26.14,16,o,26.05,16.8,so,0,0,0,1
1814,7,10,26.07,15.8,s,26.1,17.6,sw,0,0,0,0
1814,7,11,26.16,16.2,s,26.1,19.2,sw,0,0,0,1
1814,7,12,26.16,17.6,o,26.18,16,w,0,0,1,1
1814,7,13,26.15,15.2,w,26.11,13.6,w,0,0,1,0
1814,7,14,26.01,12.8,w,25.99,12.8,w,0,0,1,1
1814,7,15,26,12,w,25.95,14.4,o,0,0,0,0
1814,7,16,25.54,13.6,o,25.93,15.2,w,0,0,0,0
1814,7,17,25.91,14,sw,25.95,13.8,sw,0,0,1,1
1814,7,18,25.97,12.8,w,26.09,12,w,0,0,1,1
1814,7,19,26.08,12,o,26.07,13.6,o,0,0,1,0
1814,7,20,26,12,o,25.91,15.2,no,0,0,0,0
1814,7,21,25.87,13.6,sw,26.03,14.4,sw,0,0,0,1
1814,7,22,26.12,13.6,w,26.23,14.4,w,0,0,1,0
1814,7,23,26.3,12.2,n,26.33,14,no,0,0,0,0
1814,7,24,26.3,12,no,26.2,16,no,0,0,0,0
1814,7,25,26.11,13.6,no,26.08,16.6,o,0,0,0,0
1814,7,26,26.06,15,o,26.06,17.6,o,0,0,0,1
1814,7,27,26.12,16,no,26.18,18.4,o,0,0,0,0
1814,7,28,26.19,16.6,no,26.14,19.2,no,0,0,0,0
1814,7,29,26.09,16.8,w,26.13,20.4,w,0,0,0,0
1814,7,30,26.19,18.2,w,26.22,18.8,no,0,0,1,0
1814,7,31,26.19,16.8,no,26.15,19.2,no,0,0,0,0
1814,8,1,26.12,16.8,sw,26.16,20,sw,0,0,0,0
1814,8,2,26.21,18,no,26.24,19.2,sw,0,0,0,0
1814,8,3,26.2,16.8,sw,26.17,20,w,0,0,0,0
1814,8,4,26.17,17.8,w,26.26,17.8,w,0,0,0,0
1814,8,5,26.2,16.4,o,26.16,19,o,0,0,0,0
1814,8,6,26.12,17.4,sw,26.17,14.8,sw,0,0,0,1
1814,8,7,26.25,16.6,w,26.29,16,o,0,0,0,0
1814,8,8,26.21,15,o,26.13,17.4,sw,0,0,0,0
1814,8,9,26.14,15.2,w,26.24,15.4,sw,0,0,1,0
1814,8,10,26.26,14.4,sw,26.22,14.8,no,0,0,0,0
1814,8,11,26.21,14,o,26.21,15.4,o,0,0,0,0
1814,8,12,26.21,14,o,26.2,16.4,o,0,0,0,0
1814,8,13,26.12,14.4,n,26.1,15.6,no,0,0,0,0
1814,8,14,26.09,14.4,w,26.05,15.4,w,0,0,0,1
1814,8,15,26.12,15,sw,26.2,13.6,w,0,0,1,1
1814,8,16,26.2,13,o,26.24,15.4,o,0,0,0,0
1814,8,17,26.14,13.4,w,26.22,15.2,w,0,0,0,1
1814,8,18,26.29,13.8,o,26.29,15.6,o,0,0,0,0
1814,8,19,26.25,13.2,o,26.16,17.8,o,0,0,0,0
1814,8,20,26.03,15,sw,26.16,14.4,sw,0,0,1,1
1814,8,21,26.16,13.4,o,26.17,15.2,o,0,0,0,0
1814,8,22,26.16,12.2,o,26.15,16.2,o,0,0,0,0
1814,8,23,26.1,13,o,26.07,17.4,o,0,0,0,0
1814,8,24,26.02,14.4,s,26.03,17.4,w,0,0,0,0
1814,8,25,26,15.2,sw,26.04,15.6,w,0,0,0,1
1814,8,26,25.93,14.6,sw,26.01,12.8,sw,0,0,1,1
1814,8,27,26.03,13,w,26.04,12.8,w,0,0,1,1
1814,8,28,26.02,14.6,w,26.01,12,o,0,0,1,1
1814,8,29,26.01,10.2,n,26.11,11.6,n,0,0,1,0
1814,8,30,26.1,10,w,26.19,11.2,n,0,0,1,1
1814,8,31,26.24,11,nw,26.26,11.8,n,0,0,1,1
1814,9,1,26.24,11.4,w,26.27,12.8,o,0,0,0,0
1814,9,2,26.23,12,o,26.17,12.8,o,0,0,0,0
1814,9,3,26.11,11.6,o,26.08,11.2,o,0,0,0,1
1814,9,4,26.1,10.2,no,26.13,10,no,0,0,1,1
1814,9,5,26.1,9.2,no,26.15,9.2,o,0,0,1,1
1814,9,6,26.17,8.4,w,26.18,8.4,w,0,0,1,1
1814,9,7,26.09,8.4,w,25.98,8.2,w,0,0,0,0
1814,9,8,25.96,9.2,w,25.99,10.4,w,0,0,1,1
1814,9,9,26.06,9,w,26.12,10.2,w,0,0,1,1
1814,9,10,26.09,9.4,w,26.04,10,w,0,0,0,1
1814,9,11,26.01,9.4,w,26.07,10.2,w,0,0,1,1
1814,9,12,26.19,8,o,26.22,11,o,0,0,0,0
1814,9,13,26.2,7.2,no,26.2,12,no,0,0,0,0
1814,9,14,26.21,8.4,o,26.24,12.8,o,0,0,0,0
1814,9,15,26.26,9.4,o,26.25,13.6,o,0,0,0,0
1814,9,16,26.23,9.6,no,26.21,13.2,no,0,0,0,0
1814,9,17,26.18,10,no,26.21,14,no,0,0,0,0
1814,9,18,26.22,11.2,o,26.28,15,o,0,0,0,0
1814,9,19,26.33,11.2,o,26.38,15.4,o,0,0,0,0
1814,9,20,26.39,12.4,so,26.34,15.4,o,0,0,0,0
1814,9,21,26.27,13,so,26.16,16.4,sw,0,0,0,0
1814,9,22,26.17,14.2,w,26.13,13.6,w,0,0,0,1
1814,9,23,26.1,12.8,w,26.2,13.2,w,0,0,1,0
1814,9,24,26.19,11.4,o,26.19,15.2,o,0,0,0,0
1814,9,25,26.12,13,o,26.14,16,o,0,0,0,0
1814,9,26,26.18,13.4,s,26.14,16.8,o,0,0,0,0
1814,9,27,26.14,14,s,26.14,16.6,o,0,0,0,0
1814,9,28,26.1,13.6,o,26.16,16.8,o,0,0,0,0
1814,9,29,26.18,13.6,so,26.15,18,o,0,0,0,0
1814,9,30,26.14,14.2,so,26.07,17.2,o,0,0,0,0
1814,10,1,26.02,14.6,w,25.99,14,no,0,0,1,0
1814,10,2,26,10,o,26.02,11.2,no,0,0,0,0
1814,10,3,26.1,8.2,o,26.15,11.2,o,0,0,0,0
1814,10,4,26.18,8,o,26.21,11.2,o,0,0,0,0
1814,10,5,26.17,8,o,26.13,11.6,o,0,0,0,0
1814,10,6,26.06,9.2,s,26.01,11.2,so,0,0,0,0
1814,10,7,26.04,10,w,26.02,11.2,w,0,0,0,1
1814,10,8,26.02,10,w,26.04,9.2,w,0,0,1,0
1814,10,9,26.04,9,o,26.04,9.6,o,0,0,0,0
1814,10,10,26.1,8,o,26.16,8.4,o,0,0,0,0
1814,10,11,26.23,6,o,26.2,10.2,o,0,0,0,0
1814,10,12,26.13,7.2,so,26.1,11.4,o,0,0,0,0
1814,10,13,26.07,8.4,so,26.01,11.2,o,0,0,0,0
1814,10,14,25.94,8.8,s,25.92,11.2,w,0,0,0,0
1814,10,15,26.03,10,s,26.06,11.4,so,0,0,1,0
1814,10,16,25.95,9.4,so,25.98,11.8,no,0,0,0,1
1814,10,17,26.04,10.2,o,25.98,10,o,0,0,1,0
1814,10,18,25.9,9.2,o,25.88,12.2,o,0,0,0,0
1814,10,19,25.97,10.4,s,25.85,14,w,0,0,0,0
1814,10,20,25.89,11.6,s,25.9,11.4,no,0,0,1,1
1814,10,21,25.92,10,w,25.98,10,s,0,0,1,1
1814,10,22,26.03,9.2,o,26.14,11.2,o,0,0,0,0
1814,10,23,25.92,8.2,sw,25.84,9.6,w,0,0,0,1
1814,10,24,25.9,8.8,w,25.96,8.4,w,1,0,1,1
1814,10,25,25.93,7,w,25.57,7.4,so,0,0,0,1
1814,10,26,25.61,7,no,25.65,7.2,no,0,0,0,0
1814,10,27,25.79,7,w,26.02,9.8,w,0,0,0,0
1814,10,28,26.07,8.4,so,26.03,10,s,0,0,0,0
1814,10,29,26.03,9,s,25.98,12.4,s,0,0,0,0
1814,10,30,26.02,10.2,w,26,11.4,w,0,0,0,0
1814,10,31,26,10,s,26.1,9.6,s,0,0,0,0
1814,11,1,26.03,9.2,w,26.01,8.4,w,0,0,0,0
1814,11,2,25.94,8.4,so,25.93,8.2,so,0,0,0,1
1814,11,3,25.96,8.4,sw,25.99,10,o,0,0,0,0
1814,11,4,26.04,9.2,s,26.06,10.2,o,0,0,0,0
1814,11,5,26.06,9.4,s,26.02,11.4,sw,0,0,0,0
1814,11,6,25.98,10,s,25.99,11.6,sw,0,0,0,1
1814,11,7,25.96,10,sw,25.89,10.2,w,0,0,1,0
1814,11,8,25.72,9.8,w,25.61,9.4,w,0,0,1,1
1814,11,9,25.76,8.2,w,25.85,9.2,w,1,0,0,0
1814,11,10,25.98,7.6,w,26.2,10,w,1,1,1,0
1814,11,11,26.38,6,w,26.4,8,w,0,0,0,0
1814,11,12,26.29,5.6,w,26.18,7.4,w,0,0,0,0
1814,11,13,26.17,5.4,w,26.05,6.4,w,0,0,0,0
1814,11,14,26.1,5.8,w,26.08,6.4,w,0,0,1,1
1814,11,15,26.14,6.4,w,26.18,8,w,0,0,0,0
1814,11,16,26.03,8,sw,26,8.8,sw,0,0,0,0
1814,11,17,26.3,8,w,26.34,8.6,w,0,0,0,0
1814,11,18,26.22,6.6,w,26.15,8.2,w,0,0,0,0
1814,11,19,25.96,7.6,sw,25.86,8,sw,0,0,0,0
1814,11,20,25.74,7.4,sw,25.75,8.2,sw,0,0,0,0
1814,11,21,25.81,8,o,25.7,8,o,0,0,0,0
1814,11,22,25.72,8,o,25.7,8,o,0,0,0,0
1814,11,23,25.72,7.6,o,25.8,7.2,o,0,0,0,0
1814,11,24,25.94,7.6,o,26,7.6,so,0,0,1,0
1814,11,25,26,7.6,s,25.95,7.8,s,0,0,0,0
1814,11,26,25.81,6.2,s,25.79,6.8,sw,0,0,0,1
1814,11,27,25.89,6.4,w,25.93,6.6,w,1,1,1,0
1814,11,28,25.71,7.6,w,25.85,7.6,w,1,1,0,0
1814,11,29,25.92,7,w,25.82,7.6,w,0,0,1,1
1814,11,30,25.62,7.2,w,25.56,8.2,sw,0,0,1,1
1814,12,1,25.58,7.2,w,25.72,6.8,sw,1,1,1,0
1814,12,2,25.84,7.2,w,25.86,7,w,1,1,0,0
1814,12,3,25.85,5,w,25.89,5.4,w,1,1,0,0
1814,12,4,25.9,5,w,25.86,5.4,w,0,0,0,0
1814,12,5,25.62,5,w,25.66,5.4,w,0,1,1,0
1814,12,6,25.74,5.2,w,25.91,5.6,o,1,1,0,0
1814,12,7,26.02,5.2,o,26.08,5,o,0,0,0,0
1814,12,8,26.02,5,sw,26.02,5.2,so,1,0,0,0
1814,12,9,25.85,6,s,25.86,5.4,s,0,0,1,1
1814,12,10,25.86,7.6,sw,25.98,7.4,sw,0,0,1,1
1814,12,11,25.98,8,s,25.96,8.2,s,0,0,1,1
1814,12,12,26.2,9.4,sw,26.23,10,sw,0,0,1,1
1814,12,13,26.21,9,s,26.15,10.4,s,0,0,0,0
1814,12,14,26.28,10,s,26.26,10.2,s,0,0,1,0
1814,12,15,26.25,8.4,s,26.23,9.6,s,0,0,0,0
1814,12,16,26.24,8.4,s,26.17,9.2,s,0,0,0,0
1814,12,17,26.39,8,s,26.4,8.6,s,0,0,0,0
1814,12,18,26.38,8,s,26.35,9.2,s,0,0,0,0
1814,12,19,26.28,7.4,s,26.25,8.4,w,0,0,0,0
1814,12,20,26.25,7,s,26.2,8,s,0,0,0,0
1814,12,21,26.05,7,w,26,8.6,sw,0,0,1,1
1814,12,22,25.77,6.2,n,25.75,6,no,0,1,0,0
1814,12,23,25.63,4,n,25.64,5,no,1,1,0,0
1814,12,24,25.77,4,no,25.76,5,no,1,0,0,0
1814,12,25,25.76,3.6,n,25.78,4,s,1,1,0,0
1814,12,26,25.78,4,so,25.75,5.6,so,0,1,0,0
1814,12,27,25.99,5.2,s,25.76,5,s,0,0,0,0
1814,12,28,25.41,5,sw,25.43,4.6,sw,0,1,0,0
1814,12,29,25.7,5.2,s,25.93,5,sw,0,0,0,0
1814,12,30,26.1,6,sw,26.13,5.2,sw,0,0,0,0
1814,12,31,26.04,5.4,sw,26.05,6,sw,0,0,1,1
1815,1,1,26.23,6,sw,26.2,6.8,sw,0,0,0,0
1815,1,2,26.24,5.2,w,26.24,5.8,o,1,0,0,0
1815,1,3,26.23,5.2,o,26.21,4.6,o,0,0,0,0
1815,1,4,26.04,4,o,26.01,4,o,0,0,0,0
1815,1,5,26.01,3.8,w,26.02,3.8,no,1,0,0,0
1815,1,6,25.96,3.6,no,25.91,3.6,n,0,0,1,0
1815,1,7,25.88,3,n,25.83,3,n,0,1,0,0
1815,1,8,25.8,3,w,25.67,4.6,w,0,0,0,0
1815,1,9,25.85,2.8,w,26.01,3.4,w,0,0,0,0
1815,1,10,26.12,2.4,s,26.08,3,sw,0,0,0,0
1815,1,11,25.97,4,w,25.81,4.2,w,0,1,0,0
1815,1,12,25.92,4,w,26,3.8,w,0,0,0,0
1815,1,13,26.02,4,w,26.08,3,w,1,1,0,0
1815,1,14,26,2.8,w,25.86,4,w,0,0,0,0
1815,1,15,25.96,3,o,26.02,3.6,no,0,0,0,0
1815,1,16,26.06,2,o,26.01,3,o,0,0,0,0
1815,1,17,26.04,1.4,o,26.05,2.4,s,0,0,0,0
1815,1,18,25.89,1.2,o,25.84,1.6,w,1,1,0,0
1815,1,19,25.7,0,no,25.63,1,o,1,1,0,0
1815,1,20,25.65,0,o,25.66,1,o,0,0,0,0
1815,1,21,25.7,-1.2,o,25.75,-1,sw,0,0,0,0
1815,1,22,25.81,-1,o,25.84,0,o,0,0,0,0
1815,1,23,25.92,-1.2,w,25.92,-1.2,w,0,1,0,0
1815,1,24,25.86,-1.4,o,25.78,-1,o,0,0,0,0
1815,1,25,25.57,-2,o,25.65,-1,o,0,0,0,0
1815,1,26,25.54,-2.2,w,25.51,0,sw,0,0,0,0
1815,1,27,25.42,-1,w,25.43,1,no,1,0,0,0
1815,1,28,25.29,-1.4,w,25.32,2,w,0,0,0,0
1815,1,29,25.47,2.6,o,25.48,3.4,w,0,0,0,0
1815,1,30,25.5,4,sw,25.53,4,sw,0,0,0,0
1815,1,31,25.58,4,sw,25.59,4,w,0,0,0,0
1815,2,1,25.67,3.4,sw,25.65,4,sw,0,0,0,0
1815,2,2,25.69,4.6,sw,25.73,6.6,sw,0,0,0,0
1815,2,3,25.88,4,w,25.93,6.4,w,0,0,0,0
1815,2,4,25.96,4.4,s,25.89,6,s,0,0,0,0
1815,2,5,25.95,4.8,s,26.09,5.4,s,0,0,1,1
1815,2,6,26.1,4.8,s,25.96,8,o,0,0,0,0
1815,2,7,25.89,4,sw,25.94,5.6,sw,0,1,1,0
1815,2,8,26.02,4.8,w,26,6,o,0,0,0,0
1815,2,9,26,5,sw,25.91,7.2,so,0,0,0,0
1815,2,10,25.82,5.2,sw,25.86,6.4,o,1,0,0,0
1815,2,11,25.9,6.6,o,25.83,6.2,o,0,0,0,0
1815,2,12,25.88,6.8,sw,25.97,7.3,sw,0,0,0,0
1815,2,13,26,6.4,sw,25.94,8,s,0,0,0,0
1815,2,14,25.8,7,s,25.71,8,s,0,0,0,1
1815,2,15,25.92,6.8,s,26.03,8,s,0,0,0,0
1815,2,16,26.11,8,sw,26.07,8.6,sw,0,0,0,0
1815,2,17,25.9,8,sw,25.95,8.8,sw,0,0,0,1
1815,2,18,26.11,7.8,sw,26.27,8,w,1,0,0,1
1815,2,19,26.34,6.6,w,26.36,7.8,o,0,0,0,0
1815,2,20,26.3,6,s,26.12,8,sw,0,0,0,0
1815,2,21,26.05,8,sw,26.03,7.8,sw,0,0,1,1
1815,2,22,26.28,8.4,sw,26.32,8.2,w,0,0,1,1
1815,2,23,26.39,8,w,26.35,10.2,o,0,0,0,0
1815,2,24,26.29,8.8,so,26.29,12,o,0,0,0,0
1815,2,25,26.3,8.8,so,26.34,12,so,0,0,0,0
1815,2,26,26.31,9.6,so,26.35,12,so,0,0,0,0
1815,2,27,26.43,9.6,s,26.47,12,no,0,0,0,0
1815,2,28,26.43,9.4,no,26.39,11.4,no,0,0,0,0
1815,3,1,26.36,8.4,s,26.36,10.2,s,0,0,0,0
1815,3,2,26.35,8.2,s,26.34,10.2,o,0,0,0,0
1815,3,3,26.31,8.2,o,26.33,11,o,0,0,0,0
1815,3,4,26.36,8,so,26.36,11.2,o,0,0,0,0
1815,3,5,26.35,8,o,26.34,11.4,o,0,0,0,0
1815,3,6,26.32,8.4,s,26.32,11.2,o,0,0,0,0
1815,3,7,26.3,8,so,26.25,11.2,so,0,0,0,0
1815,3,8,26.2,8.4,o,25.96,11.4,o,0,0,0,0
1815,3,9,25.88,9.6,w,25.83,9.4,w,0,0,1,1
1815,3,10,25.5,9,w,25.64,8.4,w,0,1,0,0
1815,3,11,25.58,6.2,w,25.71,6.2,w,1,1,0,0
1815,3,12,25.92,8,w,25.86,12,sw,1,0,0,0
1815,3,13,25.7,8,w,25.64,12,w,0,1,0,0
1815,3,14,25.68,8,w,25.85,8.2,w,1,1,0,0
1815,3,15,26.11,8,w,26.25,10.2,w,1,0,0,1
1815,3,16,26.19,7.6,w,26.16,10,w,0,0,1,1
1815,3,17,26.09,8,w,26.04,10,sw,0,0,1,0
1815,3,18,26.04,8,sw,26.1,9,w,0,0,1,0
1815,3,19,26.07,8,sw,26.08,11.2,sw,0,0,1,1
1815,3,20,26.04,8.2,s,26.07,10,no,0,0,0,0
1815,3,21,26.04,7,o,26.05,10.2,o,0,0,0,0
1815,3,22,26.08,8.2,s,26.08,11.6,sw,0,0,1,1
1815,3,23,25.96,9.8,sw,25.8,12,w,0,0,1,0
1815,3,24,25.88,10,w,25.95,11.2,w,0,0,1,0
1815,3,25,25.8,8.4,s,25.85,11,w,0,0,0,1
1815,3,26,26.02,8.4,sw,26.1,11,s,1,0,0,0
1815,3,27,26.13,9.2,s,26.09,10.2,w,0,0,0,0
1815,3,28,26.11,9.4,s,26.17,10,sw,0,0,0,1
1815,3,29,26.25,9.8,s,26.23,15.2,o,0,0,0,0
1815,3,30,26.2,12,sw,26.24,15.8,o,0,0,0,0
1815,3,31,26.21,13.2,o,26.14,16.2,o,0,0,0,0
1815,4,1,26.08,13.8,s,26.03,16,s,0,0,0,0
1815,4,2,26.12,14,s,26.08,17.4,so,0,0,0,0
1815,4,3,26.04,14.6,s,25.98,17.4,so,0,0,0,0
1815,4,4,26.1,16.8,o,26.05,16.8,o,0,0,0,0
1815,4,5,26.13,14.8,o,26.27,14,o,0,0,1,0
1815,4,6,26.28,12,o,26.22,15.4,o,0,0,0,0
1815,4,7,26.15,12,o,26.07,15,no,0,0,0,0
1815,4,8,26.02,11.8,o,25.97,15,no,0,0,0,0
1815,4,9,26.03,12.2,o,26.02,14.2,o,0,0,0,1
1815,4,10,26.04,12,o,26.01,14.2,o,0,0,0,0
1815,4,11,26.1,10.8,o,26.08,13.8,o,0,0,0,0
1815,4,12,26.07,10.8,s,25.99,14,so,0,0,0,0
1815,4,13,25.98,11,so,25.9,14.8,so,0,0,0,0
1815,4,14,25.83,11.6,s,25.71,13.4,w,0,0,1,1
1815,4,15,25.84,10.2,w,25.91,8.2,o,1,1,0,0
1815,4,16,25.91,7,o,25.93,8.2,no,0,0,0,0
1815,4,17,25.9,8,no,25.87,8.8,no,0,0,0,0
1815,4,18,26,7.2,no,26.06,7.2,no,0,0,0,0
1815,4,19,26.06,6.4,no,26,8,no,0,0,0,0
1815,4,20,25.86,6,n,25.7,9,no,0,0,0,0
1815,4,21,25.64,7.2,no,25.55,9.2,w,0,0,0,0
1815,4,22,25.49,7.4,o,25.54,7,w,0,0,0,1
1815,4,23,25.47,7,w,25.55,8.4,w,1,1,0,0
1815,4,24,25.54,7.2,w,25.52,9.6,o,1,0,0,0
1815,4,25,25.64,7,o,25.78,8,o,1,1,0,0
1815,4,26,25.98,7,o,25.94,8,w,0,0,1,1
1815,4,27,25.97,7.2,o,25.98,9.4,o,0,0,0,0
1815,4,28,25.96,7.6,o,25.81,12,o,0,0,0,0
1815,4,29,25.68,8,no,25.69,11.4,w,0,0,0,1
1815,4,30,25.76,8.8,o,25.86,11.2,o,0,0,0,0
1815,5,1,25.92,9.4,o,25.88,13.6,o,0,0,0,0
1815,5,2,25.9,11,o,25.84,14.4,o,0,0,0,0
1815,5,3,25.73,12,s,25.73,13.2,w,0,0,0,0
1815,5,4,25.81,11.8,o,25.8,13,w,0,0,0,0
1815,5,5,25.83,12,sw,25.84,12,sw,0,0,1,1
1815,5,6,25.9,10.8,w,25.94,11.8,o,0,0,1,0
1815,5,7,25.93,10.8,o,25.96,14.4,o,0,0,0,0
1815,5,8,26,13,so,25.9,16,so,0,0,0,0
1815,5,9,25.95,14.4,nw,26.06,12.4,w,0,0,0,1
1815,5,10,26.16,12.2,no,26.18,13.4,n,0,0,1,0
1815,5,11,26.17,12.6,o,26.08,15.2,o,0,0,0,0
1815,5,12,26.06,13.2,o,26.08,16.2,o,0,0,0,0
1815,5,13,26.07,14.4,s,26.08,16.4,sw,0,0,0,1
1815,5,14,26.1,14.4,no,26.07,13.2,nw,0,0,1,1
1815,5,15,26.11,13,o,26.12,14.2,o,0,0,1,0
1815,5,16,26.1,12,o,26.15,15.2,o,0,0,0,0
1815,5,17,26.24,13.2,o,26.31,16,o,0,0,0,0
1815,5,18,26.33,14,o,26.29,15.2,w,0,0,0,0
1815,5,19,26.28,14.4,w,26.15,14.8,nw,0,0,0,0
1815,5,20,26.1,14,o,25.98,15.2,o,0,0,0,0
1815,5,21,25.8,13.4,nw,25.79,15.2,w,0,0,0,1
1815,5,22,25.9,13,sw,25.95,13,o,0,0,1,0
1815,5,23,25.98,12.2,no,25.95,12.8,o,0,0,0,1
1815,5,24,26.03,12,so,26.04,12,so,0,0,1,0
1815,5,25,26.1,11.2,o,26.18,14,o,0,0,0,0
1815,5,26,26.25,11.6,o,26.26,15.2,o,0,0,0,0
1815,5,27,26.22,12.2,no,26.16,15.2,no,0,0,0,0
1815,5,28,26.12,12,no,26.08,15.2,no,0,0,0,0
1815,5,29,26.09,12.4,no,26.03,15,no,0,0,0,0
1815,5,30,26.02,13,so,25.94,15.2,w,0,0,0,1
1815,5,31,25.96,13.4,w,25.98,12.8,w,0,0,1,0
1815,6,1,25.92,11.6,o,25.88,12.8,o,0,0,1,0
1815,6,2,25.95,13,o,26.11,13.4,o,0,0,1,0
1815,6,3,26.19,11,w,26.17,14.2,w,0,0,0,0
1815,6,4,26.16,12.8,w,26.09,16,n,0,0,1,0
1815,6,5,26,14,no,25.86,17.2,no,0,0,1,0
1815,6,6,25.8,14,w,25.75,15.4,w,0,0,1,0
1815,6,7,25.81,14.2,w,25.87,15.2,w,0,0,0,1
1815,6,8,25.86,14.2,o,25.8,16,o,0,0,0,0
1815,6,9,25.91,14.8,o,25.9,16.8,o,0,0,0,1
1815,6,10,25.95,16,o,25.89,16,o,0,0,0,1
1815,6,11,25.95,14.4,w,26.02,14.6,sw,0,0,1,1
1815,6,12,26.05,14,no,25.97,15,s,0,0,0,1
1815,6,13,25.92,13.6,w,25.91,13.4,o,0,0,1,1
1815,6,14,25.79,12,n,25.86,13.6,no,0,0,0,0
1815,6,15,25.95,12.2,w,26.04,14,o,0,0,0,0
1815,6,16,26.1,12.2,o,26.04,16.2,o,0,0,0,0
1815,6,17,26,13.4,no,25.95,15.2,w,0,0,0,1
1815,6,18,26.3,14,w,25.99,15.2,o,0,0,0,0
1815,6,19,26,12.4,o,25.95,16,o,0,0,0,1
1815,6,20,26.01,14.6,o,25.93,15.6,w,0,0,0,1
1815,6,21,25.9,13.6,sw,25.94,13.4,sw,0,0,1,1
1815,6,22,25.95,12.2,sw,26.07,12.6,sw,0,0,1,1
1815,6,23,26.09,12,sw,26.12,12.4,sw,0,0,1,1
1815,6,24,26.1,11.8,sw,26.14,11.2,sw,0,0,1,1
1815,6,25,26.08,11.2,sw,25.91,11.4,sw,0,0,1,1
1815,6,26,26.06,11,w,26.08,10.6,w,0,0,1,1
1815,6,27,26.07,10,w,26.07,13.4,s,0,0,1,0
1815,6,28,26.14,10.2,o,26.19,12,o,0,0,0,1
1815,6,29,26.21,11,o,26.19,12.8,o,0,0,0,1
1815,6,30,26.14,11.8,o,26.08,13.2,s,0,0,1,1
1815,7,1,26.03,12.2,w,26.07,13.2,w,0,0,1,1
1815,7,2,26.07,12,o,26.03,16,o,0,0,0,0
1815,7,3,25.98,13.6,no,25.97,15.6,no,0,0,0,0
1815,7,4,26,14,o,26.07,14,sw,0,0,1,1
1815,7,5,26.1,13.2,sw,26.16,14.6,sw,0,0,1,1
1815,7,6,26.16,13,no,26.05,16,sw,0,0,0,1
1815,7,7,25.98,13.6,sw,25.98,12.8,sw,0,0,1,1
1815,7,8,25.95,12.2,sw,26.12,10.8,sw,0,0,1,1
1815,7,9,26.18,12,o,26.19,11.4,w,0,0,0,1
1815,7,10,26.2,12.2,sw,26.22,11.2,w,0,0,1,1
1815,7,11,26.24,12.4,sw,26.18,12,w,0,0,1,0
1815,7,12,26.2,11.2,no,26.15,13.8,o,0,0,0,0
1815,7,13,26.16,12,o,26.19,15.2,o,0,0,0,0
1815,7,14,26.29,14,o,26.28,16,o,0,0,0,0
1815,7,15,26.28,15.4,w,26.27,16.4,w,0,0,0,0
1815,7,16,26.22,16,w,26.21,16.2,w,0,0,0,0
1815,7,17,26.21,13.6,w,26.2,15.2,w,0,0,1,1
1815,7,18,26.14,13.4,o,26.09,16.6,o,0,0,0,0
1815,7,19,26.08,14.4,sw,25.98,16.2,s,0,0,1,1
1815,7,20,26.03,15,sw,26.08,15,sw,0,0,1,1
1815,7,21,26.08,14.8,o,26.07,16,o,0,0,0,1
1815,7,22,26.03,14.6,w,26.04,15.2,sw,0,0,0,1
1815,7,23,26.04,14.2,w,26.07,15.2,o,0,0,1,1
1815,7,24,26.1,14,w,26.13,16,n,0,0,1,0
1815,7,25,26.16,14,w,26.19,14.6,w,0,0,1,1
1815,7,26,26.2,13.2,w,26.08,13.2,w,0,0,1,1
1815,7,27,26.03,12,w,26.02,12.4,w,0,0,1,1
1815,7,28,26.04,11.4,w,26.08,12,o,0,0,1,1
1815,7,29,26.1,11.4,w,26.16,12.2,o,0,0,1,1
1815,7,30,26.05,10.8,o,26,14,no,0,0,0,0
1815,7,31,26.03,12.2,no,26.1,14.2,n,0,0,0,0
1815,8,1,26.14,13.2,no,26.18,14.4,n,0,0,0,1
1815,8,2,26.21,13,no,26.21,14.4,n,0,0,1,1
1815,8,3,26.23,12.8,w,26.28,11.4,s,0,0,1,1
1815,8,4,26.24,11.2,sw,26.14,14.4,o,0,0,0,0
1815,8,5,26.08,12.6,o,26,14.8,o,0,0,0,1
1815,8,6,25.9,12.4,w,25.86,14.8,w,0,0,0,1
1815,8,7,25.86,13.6,w,25.93,12.2,w,0,0,1,1
1815,8,8,25.98,11,w,25.94,12,o,0,0,1,0
1815,8,9,25.86,11.2,no,25.9,12.2,no,0,0,0,0
1815,8,10,25.86,12,no,25.87,12,no,0,0,0,1
1815,8,11,25.87,12,w,25.87,11.8,sw,0,0,1,1
1815,8,12,25.82,11.2,w,25.86,12,w,0,0,1,1
1815,8,13,25.96,10.4,w,26.06,11.4,w,0,0,1,1
1815,8,14,26.2,10.8,w,26.3,11.2,w,0,0,1,1
1815,8,15,26.3,10.6,sw,26.31,11.4,sw,0,0,0,0
1815,8,16,26.22,13.2,sw,26.06,17.2,o,0,0,0,0
1815,8,17,26.05,16.4,w,26.18,15.2,w,0,0,0,0
1815,8,18,26.18,16.8,s,26.13,16,o,0,0,0,0
1815,8,19,26.08,14.2,o,26.08,15,sw,0,0,0,1
1815,8,20,26.06,15,sw,26.07,15.2,sw,0,0,1,1
1815,8,21,26.11,15.2,no,26.13,16,no,0,0,0,1
1815,8,22,26.14,14,o,26.14,17.4,o,0,0,0,0
1815,8,23,26.18,16,sw,26.2,17,sw,0,0,1,0
1815,8,24,26.28,16,w,26.3,17.6,sw,0,0,1,0
1815,8,25,26.33,16,o,26.3,17.2,o,0,0,0,0
1815,8,26,26.29,15.8,o,26.3,18,o,0,0,0,0
1815,8,27,26.31,15.4,o,26.26,18,o,0,0,0,0
1815,8,28,26.24,15.6,o,26.2,19.2,o,0,0,0,0
1815,8,29,26.16,16,w,26.19,15.2,sw,0,0,0,1
1815,8,30,26.23,15.2,sw,26.22,15.2,w,0,0,1,0
1815,8,31,26.22,13.6,o,26.24,16.8,o,0,0,0,0
1815,9,1,26.25,14.4,o,26.26,17.2,o,0,0,0,0
1815,9,2,26.22,14.8,o,26.18,17.2,o,0,0,0,0
1815,9,3,26.19,14.4,o,26.21,17.4,o,0,0,0,0
1815,9,4,26.25,15.2,o,26.2,17.4,w,0,0,0,0
1815,9,5,26.15,16,w,26.09,16,w,0,0,0,0
1815,9,6,26.1,15,o,26.08,15.2,no,0,0,0,0
1815,9,7,26.12,13.2,o,26.16,11.4,no,0,0,1,0
1815,9,8,26.17,10.2,n,26.22,12,n,0,0,0,0
1815,9,9,26.26,10.2,o,26.27,13.2,o,0,0,0,0
1815,9,10,26.25,10.4,o,26.27,13.4,o,0,0,0,0
1815,9,11,26.3,12,o,26.3,15.2,o,0,0,0,0
1815,9,12,26.29,13,o,26.29,16.8,o,0,0,0,0
1815,9,13,26.27,14,o,26.21,17.4,o,0,0,0,0
1815,9,14,26.17,14.4,o,26.13,17.6,o,0,0,0,0
1815,9,15,26.13,14.8,o,26.06,17.6,nw,0,0,0,1
1815,9,16,26.03,15.6,w,26.02,16.8,w,0,0,1,1
1815,9,17,26,15,sw,26.09,15.2,sw,0,0,1,1
1815,9,18,26.21,13.6,sw,26.28,14.4,w,0,0,1,1
1815,9,19,26.27,12,o,26.21,14.2,o,0,0,0,0
1815,9,20,26.1,11.6,no,26.05,14.2,no,0,0,0,0
1815,9,21,26.04,10,no,26.05,12.2,no,0,0,0,0
1815,9,22,26.06,8.2,no,26,10,no,0,0,0,0
1815,9,23,25.88,10.4,so,25.74,11.2,so,0,0,0,0
1815,9,24,25.88,12.6,w,25.96,14,w,0,0,1,0
1815,9,25,26.06,12,o,26.12,13.2,o,0,0,0,0
1815,9,26,26.23,13.2,so,26.22,14.4,so,0,0,1,1
1815,9,27,26.23,12,sw,26.25,13.4,sw,0,0,0,0
1815,9,28,26.28,13.2,o,26.21,14.8,o,0,0,1,0
1815,9,29,26.09,12.4,o,25.92,15,no,0,0,0,0
1815,9,30,25.84,13,nw,25.81,15.2,nw,0,0,0,1
1815,10,1,25.86,12.6,w,25.91,12.4,w,0,0,1,0
1815,10,2,26.11,11.8,w,26.18,12,w,0,0,1,0
1815,10,3,26.25,11,w,26.28,12,so,0,0,1,0
1815,10,4,26.24,9.6,o,26.22,11.8,o,0,0,0,0
1815,10,5,26.2,9.4,o,26.2,12,o,0,0,0,0
1815,10,6,26.19,9,o,26.16,8.4,o,0,0,0,0
1815,10,7,26.19,8.2,w,26.2,9.2,w,0,0,1,1
1815,10,8,26.23,9.2,no,26.24,10,no,0,0,0,0
1815,10,9,26.22,8.4,no,26.2,10,no,0,0,0,0
1815,10,10,26.15,8,o,26.06,10.2,o,0,0,0,0
1815,10,11,26,8.2,o,25.96,8.2,o,0,0,0,0
1815,10,12,26,7.8,w,26.02,9.4,sw,0,0,0,1
1815,10,13,26.07,8.8,sw,26.07,11,so,0,0,1,0
1815,10,14,26.1,10,s,26.06,12,s,0,0,1,0
1815,10,15,26.05,11.2,w,26.16,11.4,w,0,0,1,1
1815,10,16,26.23,10,no,26.19,11.6,no,0,0,0,0
1815,10,17,26.19,10,no,26.1,15,n,0,0,0,0
1815,10,18,26.16,11.4,sw,26.2,11.2,sw,0,0,0,0
1815,10,19,26.13,9.4,w,26.11,10.8,w,0,0,0,0
1815,10,20,26.04,10,s,25.99,13.2,s,0,0,0,0
1815,10,21,25.93,11.2,s,25.92,13.2,s,0,0,0,0
1815,10,22,26.03,10,so,26.1,14.2,o,0,0,0,0
1815,10,23,26.13,11,so,26.11,10.4,so,0,0,0,0
1815,10,24,26.11,9.4,o,26.06,10,o,0,0,0,1
1815,10,25,26.01,9.4,s,25.78,10.4,w,0,0,0,0
1815,10,26,25.8,10,sw,25.9,9.6,s,0,0,1,0
1815,10,27,25.91,8.6,w,25.9,9,o,0,0,1,0
1815,10,28,25.98,7.2,so,25.97,8,o,0,0,0,0
1815,10,29,25.9,8,o,25.8,8.4,o,0,0,0,0
1815,10,30,25.81,9.2,sw,25.79,10,sw,0,0,0,0
1815,10,31,25.77,9,no,25.87,8.4,n,0,0,0,0
1815,11,1,25.9,7.2,n,25.9,7,n,0,0,0,0
1815,11,2,25.96,5,o,26.01,6.8,o,0,0,0,0
1815,11,3,26,6.8,w,26.04,6.8,w,1,1,0,0
1815,11,4,26.19,6.8,no,26.2,6.8,no,1,0,0,0
1815,11,5,26.24,5.2,so,26.26,5.2,no,0,0,0,0
1815,11,6,26.27,4,so,26.29,5,so,0,0,0,0
1815,11,7,26.26,4,so,26.26,4.4,so,0,0,0,0
1815,11,8,26.24,3.8,s,26.2,5.4,s,0,0,0,0
1815,11,9,26.22,5.4,sw,26.1,6.2,sw,0,0,1,1
1815,11,10,26.28,5.8,sw,26.37,7,sw,0,0,1,0
1815,11,11,26.34,8,s,26.33,7.8,s,0,0,0,0
1815,11,12,26.27,7.6,s,26.22,8.2,s,0,0,0,0
1815,11,13,26.01,8.2,s,25.81,9.4,sw,0,0,0,0
1815,11,14,25.71,9,sw,25.63,9.6,w,0,0,1,0
1815,11,15,25.25,9.2,s,25.37,8.2,sw,0,0,1,1
1815,11,16,25.61,8,s,25.6,8,w,0,0,0,0
1815,11,17,25.83,7.6,w,25.87,7,w,1,0,0,0
1815,11,18,25.96,6.8,s,26.03,6.6,s,0,0,0,0
1815,11,19,26.13,4.6,so,26.1,5.6,o,0,0,0,0
1815,11,20,25.97,4.8,o,25.69,5.2,o,0,0,0,0
1815,11,21,25.75,5.2,w,25.78,6.4,w,0,0,0,0
1815,11,22,25.9,6,s,25.93,7,s,0,0,0,0
1815,11,23,25.9,6.2,sw,25.95,6.8,o,0,1,0,0
1815,11,24,25.99,6.2,n,26.1,6,n,1,1,0,0
1815,11,25,26.18,4,no,26.26,4.2,no,1,0,0,0
1815,11,26,26.32,4,no,26.26,4,no,0,0,0,0
1815,11,27,26.01,3.2,no,25.98,3.2,no,1,1,0,0
1815,11,28,25.93,2,no,25.95,2,s,0,0,0,0
1815,11,29,26.13,1.4,sw,26.22,2,w,0,0,0,0
1815,11,30,26.31,2,so,26.25,2.6,so,0,0,0,0
1815,12,1,26.24,3.4,s,26.3,4,s,0,0,0,0
1815,12,2,26.36,4.8,s,26.35,5.2,s,0,0,0,0
1815,12,3,26.28,5,s,26.25,6,s,0,0,0,0
1815,12,4,26.19,6.2,sw,26.07,6.4,sw,0,0,1,1
1815,12,5,25.93,5.8,w,25.94,6.6,w,1,1,0,0
1815,12,6,25.44,5.6,w,25.47,5,w,1,0,0,0
1815,12,7,25.53,5,o,25.55,4.8,no,1,1,0,0
1815,12,8,25.71,4.6,n,25.8,4.6,n,0,0,0,0
1815,12,9,25.8,3.2,n,25.82,2.4,n,1,0,0,0
1815,12,10,25.98,1.6,no,26.05,1.6,no,1,1,0,0
1815,12,11,26.21,1,no,26.21,0,no,1,0,0,0
1815,12,12,26.22,0,w,26.26,0,sw,1,0,0,0
1815,12,13,26.28,0,w,26.3,0.4,w,1,0,0,0
1815,12,14,26.25,0.4,sw,26.26,1,w,0,0,0,0
1815,12,15,26.18,1.2,sw,26.1,1.4,sw,0,0,0,0
1815,12,16,25.9,1.4,sw,25.64,2.4,sw,0,0,0,0
1815,12,17,25.5,3.2,sw,25.53,3.4,w,1,1,0,0
1815,12,18,25.73,3.2,w,25.73,3.8,sw,0,0,0,0
1815,12,19,25.71,3,s,25.85,3.6,s,0,0,0,0
1815,12,20,25.94,3,sw,25.86,3.6,sw,0,0,0,0
1815,12,21,25.81,3.2,s,25.82,4,s,0,0,0,0
1815,12,22,25.76,4.4,s,25.79,4.8,s,0,0,0,1
1815,12,23,25.91,5,o,25.95,5,s,1,1,0,0
1815,12,24,25.83,4,so,25.76,5,s,0,0,0,1
1815,12,25,25.68,5.2,w,25.77,5,w,1,1,0,0
1815,12,26,26.02,5,w,25.9,4.2,w,0,0,0,0
1815,12,27,25.75,4.2,sw,25.71,4.2,sw,0,1,0,0
1815,12,28,26.08,4.4,w,26.15,4,sw,1,0,0,0
1815,12,29,26.23,4,sw,26.25,4.6,sw,1,0,0,1
1815,12,30,26.18,4.8,sw,26.26,5.6,sw,0,0,1,1
1815,12,31,26.43,6,n,26.41,6,n,1,1,0,0
1816,1,1,26.35,4.8,o,26.25,4.2,o,0,0,0,0
1816,1,2,26.13,3,o,26.05,3,o,0,0,0,0
1816,1,3,26.01,1.4,o,26.04,1.4,s,0,0,0,0
1816,1,4,26.24,1.2,w,26.29,1.6,sw,1,0,0,0
1816,1,5,26.24,1,sw,26.15,1.4,w,0,1,0,0
1816,1,6,26.18,2,w,26.04,3,w,1,0,0,0
1816,1,7,25.73,3.6,w,25.79,3.8,w,1,1,0,0
1816,1,8,26,3.2,sw,25.97,4,sw,0,0,0,0
1816,1,9,25.76,4.2,sw,25.76,5.2,sw,0,0,1,1
1816,1,10,25.75,5,sw,25.75,5.2,w,0,0,1,1
1816,1,11,25.73,5.2,sw,25.48,6.4,sw,0,0,0,1
1816,1,12,25.63,5.4,w,25.78,6,w,0,1,0,0
1816,1,13,25.62,5,s,25.4,5.6,s,0,0,0,0
1816,1,14,25.55,5.8,o,25.54,5.6,o,0,0,0,0
1816,1,15,25.63,5.6,w,25.66,6,w,1,0,0,0
1816,1,16,25.75,5.2,w,26.03,5.2,w,0,1,0,0
1816,1,17,26.08,4.8,w,25.94,5.2,w,0,0,0,0
1816,1,18,25.97,5,w,25.96,5.4,w,1,0,0,0
1816,1,19,25.91,5,w,25.88,4.8,w,0,0,0,0
1816,1,20,25.8,4.8,w,25.67,4.6,w,0,0,0,0
1816,1,21,25.65,4,w,25.63,4.6,w,0,0,0,0
1816,1,22,25.64,3.8,w,25.62,4,w,0,0,0,0
1816,1,23,25.58,3.8,sw,25.57,4.8,sw,0,1,0,0
1816,1,24,25.51,4,sw,25.5,4.6,w,1,0,0,0
1816,1,25,25.49,4.2,sw,25.5,4.8,so,0,0,0,0
1816,1,26,25.49,4.2,sw,25.51,5,sw,0,1,0,0
1816,1,27,25.62,4.6,sw,25.69,5.2,sw,0,1,0,0
1816,1,28,25.74,4.8,o,25.83,5.2,no,1,1,0,0
1816,1,29,25.1,4,no,26.19,5,no,1,0,0,0
1816,1,30,26.21,1.4,no,26.2,1.4,no,0,0,0,0
1816,1,31,26.21,0,o,26.19,0,no,0,0,0,0
1816,2,1,26.08,-1.6,no,26.04,0,o,0,0,0,0
1816,2,2,25.95,-1,o,25.9,0,o,0,0,0,0
1816,2,3,25.85,1,sw,25.87,1.4,sw,0,0,0,0
1816,2,4,25.83,1.8,sw,25.7,3.2,sw,0,0,1,1
1816,2,5,25.68,3,w,25.64,4,sw,1,1,0,0
1816,2,6,25.57,4.2,w,25.5,5.2,w,0,0,0,0
1816,2,7,25.24,5.4,sw,25.27,5.4,sw,0,0,1,0
1816,2,8,25.21,5.8,sw,25.18,6,so,0,1,1,0
1816,2,9,25.58,4.2,no,25.53,4,no,1,0,0,0
1816,2,10,25.6,3,no,25.69,2.6,n,0,0,0,0
1816,2,11,25.82,1,no,25.81,1,no,1,0,0,0
1816,2,12,25.95,0,no,26.09,1,so,0,1,0,0
1816,2,13,26.2,0,no,26.1,0.8,no,0,0,0,0
1816,2,14,26.14,0.6,o,26.23,1.2,o,0,0,0,0
1816,2,15,26.27,0.6,o,26.24,1.4,o,0,0,0,0
1816,2,16,26.16,2.2,w,25.89,4,sw,1,0,0,0
1816,2,17,25.72,3.6,sw,25.69,3.2,sw,1,1,0,0
1816,2,18,25.78,3.4,sw,25.9,3.8,sw,1,1,0,0
1816,2,19,25.91,3.2,w,25.98,3.6,w,1,1,0,0
1816,2,20,26.2,3.2,s,26.22,5.4,s,0,0,0,0
1816,2,21,26.25,4,w,26.26,5.6,w,0,0,0,0
1816,2,22,26.3,4,sw,26.3,6.2,s,0,0,0,0
1816,2,23,26.34,4,so,26.35,6,so,0,0,0,0
1816,2,24,26.34,4.6,so,26.35,6.2,so,0,0,0,0
1816,2,25,26.36,5,w,26.32,7,w,0,0,0,0
1816,2,26,26.13,6.4,w,26.1,6.4,w,0,0,1,1
1816,2,27,26.15,6,sw,25.9,5.6,sw,1,0,0,0
1816,2,28,25.64,6.2,sw,25.75,5.6,sw,0,1,1,0
1816,2,29,25.85,5,w,25.86,5.6,w,1,0,0,0
1816,3,1,25.93,4.4,w,25.98,4.2,w,0,0,0,0
1816,3,2,26,3,s,25.86,5,sw,0,0,0,0
1816,3,3,25.64,4,sw,25.67,5.2,sw,0,0,0,0
1816,3,4,25.73,5.2,sw,25.78,5.6,sw,1,1,0,0
1816,3,5,25.67,6,sw,25.67,6,sw,0,0,1,1
1816,3,6,25.66,6.4,s,25.66,8.2,s,0,0,0,0
1816,3,7,25.63,7.6,sw,25.49,8.4,sw,0,0,0,0
1816,3,8,25.66,7.2,s,25.54,8.4,s,1,0,0,0
1816,3,9,25.49,7.2,w,25.5,7.2,w,1,0,0,0
1816,3,10,25.64,6.2,w,25.81,6,w,1,1,0,0
1816,3,11,26.2,6,s,26.21,6.2,so,0,0,0,0
1816,3,12,26.19,5.2,sw,26.13,6.6,sw,0,0,0,1
1816,3,13,26.13,7,sw,26.15,7.8,sw,0,0,1,0
1816,3,14,26.2,7.4,s,26.15,9.2,n,0,0,0,0
1816,3,15,26.04,8,w,26.03,13.4,w,0,0,0,0
1816,3,16,26.07,9.2,w,25.95,10,w,0,1,1,0
1816,3,17,25.84,7.6,o,25.86,7.6,w,0,1,0,0
1816,3,18,25.88,6.4,w,25.83,7.4,sw,0,0,0,0
1816,3,19,25.76,6.6,w,25.8,7.2,w,1,1,0,0
1816,3,20,25.85,6,o,25.88,6,o,0,0,0,0
1816,3,21,25.92,5.8,o,25.98,6,o,0,1,0,0
1816,3,22,25.98,5.6,no,26.01,5.4,no,0,0,0,0
1816,3,23,26.01,5.4,o,26.05,5.8,o,0,0,0,0
1816,3,24,26.1,6,no,26.1,6.2,no,0,0,0,0
1816,3,25,26.04,5.8,o,26.04,7.2,o,0,0,0,0
1816,3,26,26.04,6,o,26.06,5.8,n,0,0,0,0
1816,3,27,26.03,4.8,o,25.99,6.2,o,0,0,0,0
1816,3,28,25.92,5,no,25.95,4.8,no,0,0,0,0
1816,3,29,25.94,3.6,no,25.99,4,no,0,0,0,0
1816,3,30,26.03,3.2,no,26.09,4.5,no,0,0,0,0
1816,3,31,26.14,3.4,o,26.2,4.2,o,1,0,0,0
1816,4,1,26.09,4,o,25.99,5.2,o,0,0,0,0
1816,4,2,25.92,3.8,o,25.86,5.4,o,0,0,0,0
1816,4,3,25.82,4,o,25.83,4,o,1,1,0,0
1816,4,4,25.91,3.6,o,25.98,5.8,o,0,0,0,0
1816,4,5,26.01,3.8,o,25.95,7.2,o,0,0,0,0
1816,4,6,25.81,6,s,25.66,7.6,w,0,0,0,0
1816,4,7,25.51,8.2,sw,25.45,7.8,sw,0,0,0,0
1816,4,8,25.48,7.4,o,25.4,7.8,o,0,0,0,0
1816,4,9,25.36,8.4,s,25.35,9.4,s,0,0,0,0
1816,4,10,25.58,8.6,s,25.64,10.2,s,0,0,0,0
1816,4,11,25.64,9.4,s,25.68,13.4,s,0,0,0,0
1816,4,12,25.81,9.8,w,25.85,11.2,w,0,0,1,1
1816,4,13,25.82,9.8,w,25.77,10,w,0,0,1,0
1816,4,14,25.65,9,w,25.52,9.6,w,0,1,0,0
1816,4,15,25.64,8.2,w,25.77,8,w,1,1,0,0
1816,4,16,25.64,6.4,o,25.76,8.2,o,0,0,1,1
1816,4,17,25.74,6.6,so,25.76,7.2,s,0,0,0,0
1816,4,18,25.77,7,s,25.8,8.2,o,0,0,0,0
1816,4,19,25.8,7.8,sw,25.99,9,w,0,0,1,0
1816,4,20,26.16,8.6,o,26.11,9.2,o,0,0,0,0
1816,4,21,26.03,8,no,25.95,10.4,so,0,0,0,0
1816,4,22,25.95,9.4,so,25.86,12,so,0,0,0,0
1816,4,23,25.91,11.4,o,25.86,12.8,o,0,0,0,0
1816,4,24,25.86,10.6,o,25.79,13.2,o,0,0,1,0
1816,4,25,25.85,12,o,25.91,12.2,o,0,0,0,0
1816,4,26,25.98,12.4,o,25.98,12,no,0,0,0,1
1816,4,27,25.94,10.4,o,25.89,12.2,no,0,0,0,0
1816,4,28,25.91,9,o,25.87,12.8,o,0,0,0,0
1816,4,29,25.84,10,o,25.78,13.2,o,0,0,0,0
1816,4,30,25.76,11.2,o,25.73,14,o,0,0,0,0
1816,5,1,25.8,10.8,sw,25.8,13,sw,0,0,1,1
1816,5,2,25.82,10,o,25.85,12.4,w,0,0,0,0
1816,5,3,26.02,11,w,26.19,10.2,sw,0,0,1,1
1816,5,4,26.2,9.6,w,26.14,9.2,w,0,0,1,1
1816,5,5,26.11,9,w,26.05,9.2,w,0,0,0,0
1816,5,6,25.97,9,w,25.98,9.4,w,0,0,1,1
1816,5,7,26.03,8.4,w,26.03,9.2,sw,0,0,1,1
1816,5,8,25.94,8.6,w,25.82,11,sw,0,0,0,0
1816,5,9,25.64,10,sw,25.65,10.2,w,0,0,1,1
1816,5,10,25.84,8.2,w,25.73,9.2,w,0,0,1,0
1816,5,11,25.68,8.6,sw,25.6,8.4,sw,1,1,1,1
1816,5,12,25.65,7.4,ww,25.64,8,sw,1,0,0,0
1816,5,13,25.73,7,w,25.86,8.2,w,0,1,0,0
1816,5,14,25.94,7.4,o,26.03,7.4,w,0,0,1,0
1816,5,15,26.04,7,o,26.04,9,o,0,0,0,0
1816,5,16,26.02,8.4,o,25.97,11.6,o,0,0,0,0
1816,5,17,25.89,9.8,o,25.78,12.8,o,0,0,0,0
1816,5,18,25.75,10.4,o,25.78,12,sw,0,0,1,1
1816,5,19,25.83,11.4,o,25.85,15.2,o,0,0,0,0
1816,5,20,25.89,12,o,25.86,15.4,o,0,0,0,0
1816,5,21,25.86,14,w,25.78,15.6,w,0,0,0,1
1816,5,22,25.84,14,w,25.83,14.2,no,0,0,1,1
1816,5,23,25.83,13.6,o,25.87,14.4,w,0,0,0,0
1816,5,24,25.95,13.4,w,25.99,15.2,n,0,0,0,0
1816,5,25,26.04,13.8,w,26.08,15.4,w,0,0,1,0
1816,5,26,26.11,14.2,no,26.21,12.4,w,0,0,1,1
1816,5,27,26.19,12.2,no,26.14,12.4,no,0,0,1,1
1816,5,28,26.1,11.6,no,26.11,11.2,no,0,0,1,0
1816,5,29,26.07,10.8,no,26.02,10,no,0,0,0,1
1816,5,30,26.01,10,no,26.01,11.4,no,0,0,1,1
1816,5,31,26,9.8,no,25.94,12.4,so,0,0,1,0
1816,6,1,26.01,11.2,sw,26.05,10.2,sw,0,0,1,1
1816,6,2,26.09,10.2,s,26.08,12,o,0,0,0,0
1816,6,3,26.07,11.8,s,26.05,13.2,w,0,0,0,0
1816,6,4,26.08,13,so,26.06,13,nw,0,0,0,0
1816,6,5,26,12.8,sw,25.86,13.2,w,0,0,1,0
1816,6,6,25.66,12,w,25.81,11.4,o,0,1,1,1
1816,6,7,25.82,9.4,o,25.83,8.2,o,0,0,1,1
1816,6,8,25.75,8.8,w,25.71,8.6,sw,0,0,1,1
1816,6,9,25.71,8.8,sw,25.66,9.8,w,0,0,1,0
1816,6,10,25.59,10.6,w,25.8,10.2,w,0,0,1,1
1816,6,11,25.89,9,o,25.95,10,o,0,0,1,1
1816,6,12,26.02,8.8,o,26.09,12,no,0,0,0,0
1816,6,13,26.1,11,o,26.08,16.4,o,0,0,0,1
1816,6,14,26.04,14.2,w,25.97,16,o,0,0,0,1
1816,6,15,25.92,14.4,no,25.93,14.8,w,0,0,1,1
1816,6,16,26.03,13.6,o,26,14.6,o,0,0,1,0
1816,6,17,25.9,13.4,w,25.91,12.8,w,0,0,1,1
1816,6,18,25.92,12.2,o,25.97,12.8,n,0,0,1,1
1816,6,19,26.06,12,n,26.1,12.2,no,0,0,1,1
1816,6,20,26.1,12.2,o,26.08,13.2,o,0,0,0,0
1816,6,21,26.07,12.4,o,26.06,14,o,0,0,0,0
1816,6,22,26.08,12.6,no,26.07,15,o,0,0,0,0
1816,6,23,26.05,14.4,o,26.02,14.4,o,0,0,0,1
1816,6,24,25.98,13.8,w,25.98,13.4,w,0,0,1,1
1816,6,25,25.93,12.2,w,25.97,12,w,0,0,1,1
1816,6,26,25.98,11,sw,25.97,12.8,w,0,0,1,1
1816,6,27,25.82,11.2,s,25.85,10.8,s,0,0,1,1
1816,6,28,25.87,10.6,w,25.92,11,w,0,0,0,1
1816,6,29,26,10.6,w,25.07,11.2,nw,0,0,1,0
1816,6,30,26.06,10.8,w,25.98,14.2,o,0,0,0,0
1816,7,1,25.9,12.2,o,25.86,14.4,w,0,0,0,1
1816,7,2,25.9,12,w,25.93,11.2,w,0,0,1,1
1816,7,3,25.98,12,w,26.01,10.8,w,0,0,1,1
1816,7,4,26.04,10.4,sw,26.07,12.2,w,0,0,1,0
1816,7,5,26,10.6,w,25.99,10.4,sw,0,0,1,1
1816,7,6,26.05,10.2,o,26.05,12,o,0,0,0,0
1816,7,7,26.02,11.2,o,25.97,15.2,o,0,0,0,1
1816,7,8,25.87,12,sw,25.96,14.4,no,0,0,0,1
1816,7,9,25.97,13.6,o,25.96,16.8,o,0,0,0,0
1816,7,10,25.96,14.8,o,25.94,16.8,w,0,0,0,1
1816,7,11,25.92,15,sw,25.92,12.6,sw,0,0,0,1
1816,7,12,25.9,12.6,sw,25.9,12.4,sw,0,0,1,1
1816,7,13,26.04,11.4,sw,26.09,10.4,sw,0,0,1,1
1816,7,14,26.1,10.4,sw,26.02,13,no,0,0,1,0
1816,7,15,25.94,11.6,o,25.91,13.4,w,0,0,0,1
1816,7,16,25.93,12,o,25.9,11,w,0,0,0,1
1816,7,17,25.95,12.6,w,25.95,12.4,w,0,0,1,1
1816,7,18,25.93,11.6,w,25.97,14,o,0,0,0,0
1816,7,19,26.02,12.8,s,26.05,16,o,0,0,0,0
1816,7,20,26.08,14.4,o,26.03,17.6,o,0,0,0,0
1816,7,21,25.95,14.8,s,26.03,17.2,sw,0,0,0,1
1816,7,22,26.1,16,s,26.08,15.2,sw,0,0,1,0
1816,7,23,25.98,14.2,so,25.95,15.2,w,0,0,0,1
1816,7,24,25.98,14,w,25.93,14,sw,0,0,1,1
1816,7,25,25.96,13.8,sw,26.02,13.2,no,0,0,1,1
1816,7,26,26.04,12.2,sw,26.11,12.6,sw,0,0,1,1
1816,7,27,26.16,12,w,26.08,13.6,w,0,0,0,0
1816,7,28,26.02,12,w,25.87,15.4,w,0,0,0,1
1816,7,29,25.81,13.2,w,25.75,14.2,o,0,0,1,1
1816,7,30,25.7,13,so,25.77,11.6,sw,0,0,1,1
1816,7,31,25.78,10.8,so,25.69,12.2,so,0,0,0,1
1816,8,1,25.75,12,w,25.97,11.4,w,0,0,1,1
1816,8,2,26.11,11.4,sw,26.1,12.8,o,0,0,0,0
1816,8,3,26.1,11.8,sw,26.1,12.6,w,0,0,1,1
1816,8,4,26.07,12.2,so,25.97,16,so,0,0,0,0
1816,8,5,25.97,15.4,s,25.95,17.2,s,0,0,0,1
1816,8,6,26.13,15.6,s,26.24,15.4,s,0,0,1,1
1816,8,7,26.23,14.2,s,26.18,16.2,o,0,0,0,0
1816,8,8,26.1,15.4,o,26.03,16.2,o,0,0,0,0
1816,8,9,25.97,16,w,25.93,18.8,o,0,0,0,0
1816,8,10,26.04,16.8,w,26.22,15.2,w,0,0,1,1
1816,8,11,26.3,14,n,26.29,15.4,o,0,0,0,0
1816,8,12,26.27,14,o,26.25,16.2,o,0,0,0,0
1816,8,13,26.18,14.8,o,26.11,17.6,o,0,0,0,0
1816,8,14,26.04,16,o,25.98,17.4,so,0,0,0,1
1816,8,15,25.93,16,s,25.94,20,w,0,0,0,1
1816,8,16,26.01,15.8,so,26,13.6,so,0,0,1,1
1816,8,17,26.03,13.2,w,26.07,13.8,w,0,0,1,1
1816,8,18,26.01,12,w,26.07,12.2,w,0,0,1,1
1816,8,19,26.1,11.2,w,26.17,10.4,w,0,0,1,1
1816,8,20,26.13,10.8,w,26.08,10.4,sw,0,0,1,1
1816,8,21,26.09,10.2,s,26.12,11.2,o,0,0,0,0
1816,8,22,26.12,10,n,26.1,12,n,0,0,0,1
1816,8,23,26.1,10.2,no,26.08,11.2,no,0,0,0,0
1816,8,24,26.11,10.2,o,26.1,12.8,o,0,0,0,0
1816,8,25,26.09,10.8,o,26.1,12.4,o,0,0,0,0
1816,8,26,26.09,11.4,o,26.11,12.8,o,0,0,0,0
1816,8,27,26.1,10.4,o,26.13,14,no,0,0,0,0
1816,8,28,26.13,11.2,o,26.21,1.8,no,0,0,0,0
1816,8,29,26.23,12,o,26.18,13.6,o,0,0,0,0
1816,8,30,26.07,13.2,s,25.93,14.4,sw,0,0,0,1
1816,8,31,25.82,13,o,25.54,14.2,o,0,0,0,0
1816,9,1,25.56,13,sw,25.6,12.4,sw,0,0,1,1
1816,9,2,25.8,11.4,w,25.88,10.4,w,0,0,0,1
1816,9,3,25.95,9.2,no,25.97,10,o,0,0,0,0
1816,9,4,25.96,8.4,o,25.95,10.4,o,0,0,0,0
1816,9,5,26,10,w,26.01,10,sw,0,0,1,1
1816,9,6,26.01,10.2,sw,26.08,10.2,w,0,0,1,1
1816,9,7,26.1,10,sw,26.15,11,sw,0,0,1,1
1816,9,8,26.16,10.2,s,26.11,12.2,sw,0,0,0,1
1816,9,9,26.07,12,sw,26.1,12,sw,0,0,1,1
1816,9,10,26.14,12.2,sw,26.18,17.2,so,0,0,0,0
1816,9,11,26.2,14.4,so,26.15,17.4,so,0,0,0,0
1816,9,12,26.23,15,s,26.25,14.8,s,0,0,1,1
1816,9,13,26.31,14.2,s,26.34,14.4,o,0,0,0,0
1816,9,14,26.33,12,o,26.33,15,o,0,0,0,0
1816,9,15,26.29,11.8,o,26.32,15.4,o,0,0,0,0
1816,9,16,26.29,13,o,26.23,15.2,o,0,0,0,0
1816,9,17,26.18,13.4,o,26.19,17.2,o,0,0,0,0
1816,9,18,26.31,14.8,s,26.17,15.2,sw,0,0,0,1
1816,9,19,26.14,14.4,w,26.1,16,w,0,0,0,1
1816,9,20,26.13,14.2,o,26.09,13.2,o,0,0,0,0
1816,9,21,26,12.4,o,25.9,14.2,o,0,0,0,0
1816,9,22,25.93,12.8,so,25.95,13.6,so,0,0,1,0
1816,9,23,26.01,12.6,so,26.03,16.2,o,0,0,0,0
1816,9,24,25.99,13.6,n,26.04,13,w,0,0,1,1
1816,9,25,26.12,12,sw,26.17,11.8,s,0,0,1,1
1816,9,26,26.2,11.4,sw,26.2,12,o,0,0,1,0
1816,9,27,26.19,11.2,w,26.22,11.2,w,0,0,1,1
1816,9,28,26.23,8,w,26.23,13.6,w,0,0,0,0
1816,9,29,26.2,9.6,s,26.09,14.4,w,0,0,0,0
1816,9,30,25.98,12,sw,26.03,12,s,0,0,1,0
1816,10,1,26.06,11.2,sw,25.99,10.4,sw,0,0,0,0
1816,10,2,26.02,10.4,sw,26.03,12.8,w,0,0,0,0
1816,10,3,26,12,sw,26.07,12.8,w,0,0,1,0
1816,10,4,26.09,11.4,sw,26.12,14.4,o,0,0,0,0
1816,10,5,26.15,11.2,o,26.16,15.4,o,0,0,0,0
1816,10,6,26.15,11.2,o,26.13,16,o,0,0,0,0
1816,10,7,26.12,12.8,o,26.11,16,o,0,0,0,0
1816,10,8,26.13,12.4,s,26.19,14.4,s,0,0,0,0
1816,10,9,26.16,11.2,s,26.19,15.2,no,0,0,0,0
1816,10,10,26.18,12.8,so,26.19,14,so,0,0,0,0
1816,10,11,26.14,12.2,w,26.07,13.4,w,0,0,0,1
1816,10,12,26.09,12,s,26.14,13.2,o,0,0,1,0
1816,10,13,26.17,11.6,o,26.19,14,o,0,0,0,0
1816,10,14,26.22,10.6,sw,26.23,12.8,sw,0,0,0,0
1816,10,15,26.23,11.4,o,26.24,12,no,0,0,0,0
1816,10,16,26.13,10,o,26.09,12.4,n,0,0,0,0
1816,10,17,26.02,9.4,o,25.98,10.6,so,0,0,0,0
1816,10,18,26,9.4,w,25.99,12,o,0,0,0,0
1816,10,19,26.05,10,sw,26.04,9.8,o,0,0,1,0
1816,10,20,25.94,9,o,25.73,9.8,o,0,0,0,0
1816,10,21,25.66,8.2,w,25.66,7.8,w,0,1,0,0
1816,10,22,25.77,6.8,n,25.9,6.8,n,1,0,0,0
1816,10,23,25.98,5.2,o,26.05,9.2,o,0,0,0,0
1816,10,24,26.07,6.8,o,26.02,9.8,o,0,0,0,0
1816,10,25,25.98,6,o,25.93,9.2,so,0,0,0,0
1816,10,26,25.96,9.4,o,25.94,10,sw,0,0,0,0
1816,10,27,25.9,6.8,o,25.93,8.8,so,0,0,0,0
1816,10,28,25.88,6.8,s,25.85,10.2,sw,0,0,0,0
1816,10,29,25.85,8.6,so,25.8,11,so,0,0,1,0
1816,10,30,25.68,9.2,so,25.63,10.8,so,0,0,0,0
1816,10,31,25.6,9.6,w,25.7,10.2,o,0,0,1,0
1816,11,1,25.64,9.2,sw,25.68,9,s,0,0,1,1
1816,11,2,25.82,8.4,w,25.82,9.4,w,0,0,0,0
1816,11,3,25.8,7.8,s,25.81,10.4,s,0,0,0,0
1816,11,4,25.84,8.8,s,25.87,10.8,so,0,0,0,0
1816,11,5,26,9,so,25.97,9.8,so,0,0,1,0
1816,11,6,25.81,9,w,25.75,10,no,0,0,0,1
1816,11,7,25.65,9.2,o,25.35,9.6,o,0,0,0,0
1816,11,8,25.65,8,w,25.73,7.2,w,1,0,0,0
1816,11,9,25.7,5.2,nw,25.62,7,n,0,0,0,0
1816,11,10,25.63,5,sw,25.68,7.4,sw,0,0,1,0
1816,11,11,25.87,6.2,w,25.97,7,w,0,1,1,0
1816,11,12,25.6,5.6,w,25.67,6.2,w,1,1,0,0
1816,11,13,26.05,5.8,w,26.06,6.4,w,1,1,0,0
1816,11,14,25.99,5.4,w,25.88,6.4,w,0,0,1,1
1816,11,15,25.63,5.4,w,25.62,5.8,w,1,0,0,0
1816,11,16,25.72,5.2,w,25.8,6.6,w,0,0,0,0
1816,11,17,25.92,5.4,w,26.03,5.2,w,1,0,0,0
1816,11,18,26.1,4,so,25.98,4.2,so,0,0,0,0
1816,11,19,26,3.6,s,26.04,4,s,1,1,0,0
1816,11,20,26.2,3.8,s,26.19,4.4,so,0,0,0,0
1816,11,21,26.19,3.8,so,26.04,4,o,0,0,0,0
1816,11,22,25.92,3,o,25.82,3.6,o,1,1,0,0
1816,11,23,25.7,2.6,so,25.72,2.8,so,0,0,0,0
1816,11,24,25.85,3.2,w,25.9,4,w,0,0,1,1
1816,11,25,26.01,4,o,26.03,4,o,0,0,0,0
1816,11,26,26.08,4.2,o,26.1,4.6,o,0,0,0,0
1816,11,27,26.26,5,o,26.33,5.2,o,0,0,0,0
1816,11,28,26.35,5,no,26.39,5.4,no,0,0,0,0
1816,11,29,26.4,4.2,no,26.36,5.2,no,0,0,0,0
1816,11,30,26.33,4.4,no,26.35,4.6,no,0,0,0,0
1816,12,1,26.4,4,no,26.39,5.4,no,0,0,0,0
1816,12,2,26.38,3.8,no,26.34,3.6,no,0,0,0,0
1816,12,3,26.31,3,o,26.3,3.8,o,0,0,0,0
1816,12,4,26.28,3.6,o,26.26,3.4,o,0,0,0,0
1816,12,5,26.23,3,o,26.15,3.2,o,0,0,0,0
1816,12,6,25.91,2.8,w,25.91,3,w,0,1,0,0
1816,12,7,25.76,2.8,sw,25.78,3.8,sw,0,1,0,0
1816,12,8,25.94,3.6,sw,25.97,3.8,sw,0,0,0,0
1816,12,9,25.98,3.8,o,25.91,4,o,0,0,0,0
1816,12,10,25.84,3,w,25.98,4.2,sw,0,0,0,0
1816,12,11,25.9,4,sw,25.79,4.6,sw,1,0,0,1
1816,12,12,25.98,5.2,sw,25.71,4.6,sw,1,0,0,0
1816,12,13,25.66,6.4,s,25.78,6.4,s,0,0,0,1
1816,12,14,25.74,6,s,25.84,6.6,sw,0,1,1,0
1816,12,15,25.76,5.4,sw,25.7,6.2,sw,0,0,0,1
1816,12,16,25.71,6.2,w,25.77,6,w,1,0,0,0
1816,12,17,25.9,5.4,w,25.71,6.2,sw,0,0,0,1
1816,12,18,25.61,6.2,s,25.58,6,sw,0,0,1,1
1816,12,19,25.71,6,o,25.98,5.8,o,1,1,0,0
1816,12,20,26.12,5,o,26.13,4,o,0,0,0,0
1816,12,21,26.09,3.2,o,26.04,3.8,o,0,0,0,0
1816,12,22,26.03,2.8,o,26.03,2.4,o,0,0,0,0
1816,12,23,26.13,2.4,o,26.13,2.4,nw,0,0,0,0
1816,12,24,26.11,1.6,sw,26.07,2.8,sw,0,0,0,0
1816,12,25,26.05,3,sw,26.05,4,s,0,0,0,0
1816,12,26,26.06,2.8,w,26,4.2,w,0,0,0,0
1816,12,27,25.96,3.6,s,25.92,4.8,s,0,1,0,0
1816,12,28,26.09,4.6,s,26.21,5,sw,0,0,0,0
1816,12,29,26.13,4,sw,26.15,4.8,sw,0,0,0,1
1816,12,30,26.16,5.2,sw,26.11,5.8,s,0,0,1,0
1816,12,31,26.09,5.6,s,26.08,6,s,0,0,0,0
